Idx,Title,Year,Info,Rating,URL
No.1,肖申克的救赎 The Shawshank Redemption,(1994),; 导演:弗兰克·德拉邦特; 编剧:弗兰克·德拉邦特/斯蒂芬·金; 主演:蒂姆·罗宾斯/摩根·弗里曼/鲍勃·冈顿/威廉姆·赛德勒/克兰西·布朗/吉尔·贝罗斯/马克·罗斯顿/詹姆斯·惠特摩/杰弗里·德曼/拉里·布兰登伯格/尼尔·吉恩托利/布赖恩·利比/大卫·普罗瓦尔/约瑟夫·劳格诺/祖德·塞克利拉/保罗·麦克兰尼/芮妮·布莱恩/阿方索·弗里曼/V·J·福斯特/弗兰克·梅德拉诺/马克·迈尔斯/尼尔·萨默斯/耐德·巴拉米/布赖恩·戴拉特/唐·麦克马纳斯; 类型:剧情/犯罪; ; 制片国家/地区:美国; 语言:英语; 上映日期:1994-09-10(多伦多电影节)/1994-10-14(美国); 片长:142分钟; 又名:月黑高飞(港)/刺激1995(台)/地狱诺言/铁窗岁月/消香克的救赎; IMDb链接:tt0111161; ; ,9.7,https://movie.douban.com/subject/1292052/
No.2,霸王别姬,(1993),; 导演:陈凯歌; 编剧:芦苇/李碧华; 主演:张国荣/张丰毅/巩俐/葛优/英达/蒋雯丽/吴大维/吕齐/雷汉/尹治/马明威/费振翔/智一桐/李春/赵海龙/李丹/童弟/沈慧芬/黄斐/徐杰; 类型:剧情/爱情/同性; ; 制片国家/地区:中国大陆/中国香港; 语言:汉语普通话; 上映日期:1993-01-01(中国香港)/1993-07-26(中国大陆); 片长:171分钟/155分钟(美国剧场版); 又名:再见，我的妾/FarewellMyConcubine; IMDb链接:tt0106332; ; ,9.6,https://movie.douban.com/subject/1291546/
No.3,阿甘正传 Forrest Gump,(1994),; 导演:罗伯特·泽米吉斯; 编剧:艾瑞克·罗斯/温斯顿·格鲁姆; 主演:汤姆·汉克斯/罗宾·怀特/加里·西尼斯/麦凯尔泰·威廉逊/莎莉·菲尔德/海利·乔·奥斯蒙/迈克尔·康纳·亨弗里斯/哈罗德·G·赫瑟姆/山姆·安德森/伊俄涅·M·特雷奇/彼得·道博森/希芳·法隆/伊丽莎白·汉克斯/汉娜·豪尔/克里斯托弗·琼斯/罗布·兰德里/杰森·麦克奎尔/桑尼·施罗耶/艾德·戴维斯/丹尼尔C.斯瑞派克/大卫·布里斯宾/德博拉·麦克蒂尔/艾尔·哈林顿/阿非莫·奥米拉/约翰·沃德斯塔德/迈克尔·伯吉斯/埃里克·安德伍德/拜伦·明斯/斯蒂芬·布吉格沃特/约翰·威廉·高尔特/希拉里·沙普兰/伊莎贝尔·罗斯/理查德·达历山德罗/迪克·史迪威/迈克尔-杰斯/杰弗里·布莱克/瓦妮莎·罗斯/迪克·卡维特/马拉·苏查雷特扎/乔·阿拉斯奇/W·本森·泰瑞; 类型:剧情/爱情; ; 制片国家/地区:美国; 语言:英语; 上映日期:1994-06-23(洛杉矶首映)/1994-07-06(美国); 片长:142分钟; 又名:福雷斯特·冈普; IMDb链接:tt0109830; ; ,9.5,https://movie.douban.com/subject/1292720/
No.4,这个杀手不太冷 Léon,(1994),; 导演:吕克·贝松; 编剧:吕克·贝松; 主演:让·雷诺/娜塔莉·波特曼/加里·奥德曼/丹尼·爱罗/彼得·阿佩尔/迈克尔·巴达鲁科/艾伦·格里尼/伊丽莎白·瑞根/卡尔·马图斯维奇/弗兰克·赛格/麦温/乔治·马丁/罗伯特·拉萨多/亚当·布斯奇/马里奥·托迪斯科/萨米·纳塞利; 类型:剧情/动作/犯罪; ; 制片国家/地区:法国/美国; 语言:英语/意大利语/法语; 上映日期:1994-09-14(法国); 片长:110分钟(剧场版)/133分钟(国际版); 又名:杀手莱昂/终极追杀令(台)/杀手里昂/Leon/Leon:TheProfessional; IMDb链接:tt0110413; ; ,9.4,https://movie.douban.com/subject/1295644/
No.5,泰坦尼克号 Titanic,(1997),; 导演:詹姆斯·卡梅隆; 编剧:詹姆斯·卡梅隆; 主演:莱昂纳多·迪卡普里奥/凯特·温丝莱特/比利·赞恩/凯西·贝茨/弗兰西丝·费舍/格劳瑞亚·斯图尔特/比尔·帕克斯顿/伯纳德·希尔/大卫·沃纳/维克多·加博/乔纳森·海德/苏茜·爱米斯/刘易斯·阿伯内西/尼古拉斯·卡斯柯恩/阿那托利·萨加洛维奇/丹尼·努齐/杰森·贝瑞/伊万·斯图尔特/艾恩·格拉法德/乔纳森·菲利普斯/马克·林赛·查普曼/理查德·格拉翰/保罗·布赖特威尔/艾瑞克·布里登/夏洛特·查顿/博纳德·福克斯/迈克尔·英塞恩/法妮·布雷特/马丁·贾维斯/罗莎琳·艾尔斯/罗切尔·罗斯/乔纳森·伊万斯-琼斯/西蒙·克雷恩/爱德华德·弗莱彻/斯科特·安德森/马丁·伊斯特/克雷格·凯利/格雷戈里·库克/利亚姆·图伊/詹姆斯·兰开斯特/艾尔莎·瑞雯/卢·帕尔特/泰瑞·佛瑞斯塔/凯文·德·拉·诺伊; 类型:剧情/爱情/灾难; ; 制片国家/地区:美国; 语言:英语/意大利语/德语/俄语; 上映日期:1998-04-03(中国大陆)/1997-11-01(东京电影节)/1997-12-19(美国); 片长:194分钟/227分钟(白星版); 又名:铁达尼号(港/台); IMDb链接:tt0120338; ; ,9.4,https://movie.douban.com/subject/1292722/
No.6,美丽人生 La vita è bella,(1997),; 导演:罗伯托·贝尼尼; 编剧:温琴佐·切拉米/罗伯托·贝尼尼; 主演:罗伯托·贝尼尼/尼可莱塔·布拉斯基/乔治·坎塔里尼/朱斯蒂诺·杜拉诺/赛尔乔·比尼·布斯特里克/玛丽萨·帕雷德斯/霍斯特·布赫霍尔茨/利迪娅·阿方西/朱利亚娜·洛约迪切/亚美利哥·丰塔尼/彼得·德·席尔瓦/弗朗西斯·古佐/拉法埃拉·莱博罗尼/克劳迪奥·阿方西/吉尔·巴罗尼/马西莫·比安奇/恩尼奥·孔萨尔维/吉安卡尔洛·科森蒂诺/阿伦·克雷格/汉尼斯·赫尔曼/弗兰科·梅斯科利尼/安东尼奥·普雷斯特/吉娜·诺维勒/理查德·塞梅尔/安德烈提多娜/迪尔克·范登贝格/奥梅罗·安东努蒂; 类型:剧情/喜剧/爱情/战争; ; 制片国家/地区:意大利; 语言:意大利语/德语/英语; 上映日期:2020-01-03(中国大陆)/1997-12-20(意大利); 片长:116分钟/125分钟(戛纳电影节); 又名:一个快乐的传说(港)/LifeIsBeautiful; IMDb链接:tt0118799; ; ,9.5,https://movie.douban.com/subject/1292063/
No.7,千与千寻 千と千尋の神隠し,(2001),; 导演:宫崎骏; 编剧:宫崎骏; 主演:柊瑠美/入野自由/夏木真理/菅原文太/中村彰男/玉井夕海/神木隆之介/内藤刚志/泽口靖子/我修院达也/大泉洋/小林郁夫/上条恒彦/小野武彦; 类型:剧情/动画/奇幻; 官方网站:http://toho.co.jp/sentochihiro/index2.html; 制片国家/地区:日本; 语言:日语; 上映日期:2019-06-21(中国大陆)/2001-07-20(日本); 片长:125分钟; 又名:神隐少女(台)/千与千寻的神隐/SpiritedAway/AVoyageofChihiro/SentoChihironokamikakushi; IMDb链接:tt0245429; ; ,9.4,https://movie.douban.com/subject/1291561/
No.8,辛德勒的名单 Schindler's List,(1993),; 导演:史蒂文·斯皮尔伯格; 编剧:托马斯·肯尼利/斯蒂文·泽里安; 主演:连姆·尼森/本·金斯利/拉尔夫·费因斯/卡罗琳·古多尔/乔纳森·萨加尔/艾伯丝·戴维兹/马尔戈萨·格贝尔/马克·伊瓦涅/碧翠斯·马科拉/安德烈·瑟韦林/弗里德里希·冯·图恩/克齐斯茨托夫·拉夫特/诺伯特·魏塞尔; 类型:剧情/历史/战争; ; 制片国家/地区:美国; 语言:英语/希伯来语/德语/波兰语; 上映日期:1993-11-30(华盛顿首映)/1994-02-04(美国); 片长:195分钟; 又名:舒特拉的名单(港)/辛德勒名单; IMDb链接:tt0108052; ; ,9.5,https://movie.douban.com/subject/1295124/
No.9,盗梦空间 Inception,(2010),; 导演:克里斯托弗·诺兰; 编剧:克里斯托弗·诺兰; 主演:莱昂纳多·迪卡普里奥/约瑟夫·高登-莱维特/艾伦·佩吉/汤姆·哈迪/渡边谦/迪利普·劳/基里安·墨菲/汤姆·贝伦杰/玛丽昂·歌迪亚/皮特·波斯尔思韦特/迈克尔·凯恩/卢卡斯·哈斯/李太力/克莱尔·吉尔蕾/马格努斯·诺兰/泰勒·吉蕾/乔纳森·吉尔/水源士郎/冈本玉二/厄尔·卡梅伦/瑞恩·海沃德/米兰达·诺兰/拉什·费加/蒂姆·科勒赫/妲露拉·莱莉; 类型:剧情/科幻/悬疑/冒险; ; 制片国家/地区:美国/英国; 语言:英语/日语/法语; 上映日期:2010-09-01(中国大陆)/2020-08-28(中国大陆重映)/2010-07-16(美国); 片长:148分钟; 又名:潜行凶间(港)/全面启动(台)/奠基/心灵犯案/记忆迷阵/记忆魔方; IMDb链接:tt1375666; ; 官方小站:; 盗梦空间-Inception; ,9.3,https://movie.douban.com/subject/3541415/
No.10,忠犬八公的故事 Hachi: A Dog's Tale,(2009),; 导演:拉斯·霍尔斯道姆; 编剧:斯蒂芬·P·林赛/新藤兼人; 主演:理查·基尔/萨拉·罗默尔/琼·艾伦/罗比·萨布莱特/艾瑞克·阿瓦利/田川洋行/杰森·亚历山大/罗伯特·卡普荣; 类型:剧情; ; 制片国家/地区:美国/英国; 语言:英语/日语; 上映日期:2009-06-13(西雅图电影节)/2010-03-12(英国); 片长:93分钟; 又名:秋田犬八千(港)/忠犬小八(台)/忠犬传奇; IMDb链接:tt1028532; ; ,9.4,https://movie.douban.com/subject/3011091/
No.11,海上钢琴师 La leggenda del pianista sull'oceano,(1998),; 导演:朱塞佩·托纳多雷; 编剧:亚利桑德罗·巴里克/朱塞佩·托纳多雷; 主演:蒂姆·罗斯/普路特·泰勒·文斯/比尔·努恩/克兰伦斯·威廉姆斯三世/梅兰尼·蒂埃里/皮特·沃恩/尼尔·奥布赖恩/阿尔贝托·巴斯克斯/加布里埃莱·拉维亚/科里·巴克/西德尼·科尔/LuigiDeLuca/尼古拉·迪·平托/费米·依鲁福祖/伊斯顿·盖奇/凯文·麦克纳利/布莱恩·普林格/沙拉·鲁宾/希思科特·威廉姆斯/阿妮妲·扎格利亚/安吉洛·迪洛雷塔; 类型:剧情/音乐; ; 制片国家/地区:意大利; 语言:英语/法语/意大利语; 上映日期:2019-11-15(中国大陆)/1998-10-28(意大利); 片长:165分钟/120分钟(法国版)/169分钟(加长版)/125分钟(中国大陆); 又名:声光伴我飞(港)/一九零零的传奇/1900海上钢琴师/传奇1900/TheLegendof1900/TheLegendOfThePianistOnTheOcean; IMDb链接:tt0120731; ; ,9.3,https://movie.douban.com/subject/1292001/
No.12,楚门的世界 The Truman Show,(1998),; 导演:彼得·威尔; 编剧:安德鲁·尼科尔; 主演:金·凯瑞/劳拉·琳妮/艾德·哈里斯/诺亚·艾默里奇/娜塔莎·麦克艾霍恩; 类型:剧情/科幻; ; 制片国家/地区:美国; 语言:英语; 上映日期:1998-06-05(美国); 片长:103分钟; 又名:真人Show(港)/真人戏/真人世界/楚门秀/真人秀; IMDb链接:tt0120382; ; ,9.3,https://movie.douban.com/subject/1292064/
No.13,星际穿越 Interstellar,(2014),; 导演:克里斯托弗·诺兰; 编剧:乔纳森·诺兰/克里斯托弗·诺兰; 主演:马修·麦康纳/安妮·海瑟薇/杰西卡·查斯坦/麦肯吉·弗依/卡西·阿弗莱克/迈克尔·凯恩/马特·达蒙/蒂莫西·柴勒梅德/艾伦·伯斯汀/约翰·利思戈/韦斯·本特利/大卫·吉亚西/比尔·欧文/托弗·戈瑞斯/科莱特·沃夫/弗朗西斯·X·麦卡蒂/安德鲁·博尔巴/乔什·斯图沃特/莱雅·卡里恩斯/利亚姆·迪金森/杰夫·赫普内尔/伊莱耶斯·加贝尔/布鲁克·史密斯/大卫·奥伊罗/威廉姆·德瓦内/拉什·费加/格里芬·弗雷泽/弗洛拉·诺兰; 类型:剧情/科幻/冒险; ; 制片国家/地区:美国/英国/加拿大/冰岛; 语言:英语; 上映日期:2014-11-12(中国大陆)/2020-08-02(中国大陆重映)/2014-11-07(美国); 片长:169分钟; 又名:星际启示录(港)/星际效应(台)/星际空间/星际之间/星际远航/星际/Flora'sLetter; IMDb链接:tt0816692; ; 官方小站:; 《星际穿越》电影专题; ,9.3,https://movie.douban.com/subject/1889243/
No.14,三傻大闹宝莱坞 3 Idiots,(2009),; 导演:拉吉库马尔·希拉尼; 编剧:维德胡·维诺德·乔普拉/拉吉库马尔·希拉尼/阿希贾特·乔希; 主演:阿米尔·汗/卡琳娜·卡普尔/马达范/沙尔曼·乔希/奥米·瓦依达/博曼·伊拉尼/莫娜·辛格/拉杰夫·拉宾德拉纳特安; 类型:剧情/喜剧/爱情/歌舞; ; 制片国家/地区:印度; 语言:印地语/乌尔都语/英语; 上映日期:2011-12-08(中国大陆)/2009-12-25(印度); 片长:171分钟(印度); 又名:三个傻瓜(台)/作死不离3兄弟(港)/三个白痴/三个傻蛋/三个呆瓜/三生万悟/寻找兰彻/ThreeIdiots; IMDb链接:tt1187043; ; ,9.2,https://movie.douban.com/subject/3793023/
No.15,机器人总动员 WALL·E,(2008),; 导演:安德鲁·斯坦顿; 编剧:安德鲁·斯坦顿/吉姆·里尔顿/彼特·道格特; 主演:本·贝尔特/艾丽莎·奈特/杰夫·格尔林/佛莱德·威拉特/西格妮·韦弗/MacInTalk/约翰·拉岑贝格/凯茜·纳基麦/泰迪·牛顿/鲍伯·伯根/洛丽·理查德森/吉姆·瓦德/彼特·道格特/安德鲁·斯坦顿/杰夫·皮金/约翰·齐甘/米凯·麦高万/雪莉·琳恩/克莱特·惠特克/唐纳德·富利洛夫/罗里·艾伦/杰斯·哈梅尔/拉瑞恩·纽曼/扬·拉布森/保罗·伊丁; 类型:科幻/动画/冒险; 官方网站:www.pixar.com/feature-films/walle; 制片国家/地区:美国; 语言:英语; 上映日期:2008-06-27(美国); 片长:98分钟; 又名:太空奇兵·威E(港)/瓦力(台)/星际总动员/地球废品分装员/机器人瓦力/walle; IMDb链接:tt0910970; ; ,9.3,https://movie.douban.com/subject/2131459/
No.16,放牛班的春天 Les choristes,(2004),; 导演:克里斯托夫·巴拉蒂; 编剧:乔治·沙普罗/勒·惠勒/诺埃-诺尔/克里斯托夫·巴拉蒂/菲利普·洛佩斯-屈瓦尔; 主演:热拉尔·朱尼奥/弗朗索瓦·贝莱昂/凯德·麦拉德/让-保罗·博奈雷/玛丽·布奈尔/让-巴蒂斯特·莫尼耶/马科森斯·珀林/格雷戈里·加迪诺尔/托马斯·布伦门塔尔/西里尔·伯尔尼科特/西蒙·法戈特/泰奥杜尔·卡雷-卡赛尼/菲利普·杜·詹纳兰德/埃里克·德斯玛莱茨/狄迪尔·弗拉蒙/雅克·贝汉; 类型:剧情/音乐; ; 制片国家/地区:法国/瑞士/德国; 语言:法语; 上映日期:2004-10-16(中国大陆)/2004-03-17(法国); 片长:97分钟; 又名:歌声伴我心(港)/唱诗班男孩/TheChorus; IMDb链接:tt0372824; ; ,9.3,https://movie.douban.com/subject/1291549/
No.17,大话西游之大圣娶亲 西遊記大結局之仙履奇緣,(1995),; 导演:刘镇伟; 编剧:刘镇伟; 主演:周星驰/吴孟达/朱茵/蔡少芬/蓝洁瑛/莫文蔚/罗家英/刘镇伟/陆树铭/李健仁; 类型:喜剧/爱情/奇幻/古装; ; 制片国家/地区:中国香港/中国大陆; 语言:粤语/汉语普通话; 上映日期:1995-02-04(中国香港)/2014-10-24(中国大陆)/2017-04-13(中国大陆重映); 片长:95分钟/110分钟(重映版); 又名:西游记完结篇仙履奇缘/齐天大圣西游记/大话东游之二/AChineseOdysseyPartTwo-Cinderella; IMDb链接:tt0114996; ; ,9.2,https://movie.douban.com/subject/1292213/
No.18,熔炉 도가니,(2011),; 导演:黄东赫; 编剧:黄东赫/孔枝泳; 主演:孔侑/郑有美/金贤秀/郑仁絮/白承焕/张光/金民尚/林贤成/金周灵/严孝燮/全国焕/崔镇浩/金志映/严智星/许在浩/张素妍; 类型:剧情; ; 制片国家/地区:韩国; 语言:韩语; 上映日期:2011-09-22(韩国); 片长:125分钟; 又名:无声呐喊(港)/漩涡/Silenced/TheCrucible; IMDb链接:tt2070649; ; ,9.3,https://movie.douban.com/subject/5912992/
No.19,疯狂动物城 Zootopia,(2016),; 导演:拜伦·霍华德/瑞奇·摩尔/杰拉德·布什; 编剧:拜伦·霍华德/瑞奇·摩尔/杰拉德·布什/吉姆·里尔顿/乔西·特立尼达/菲尔·约翰斯顿/珍妮弗·李; 主演:金妮弗·古德温/杰森·贝特曼/伊德里斯·艾尔巴/珍妮·斯蕾特/内特·托伦斯/邦尼·亨特/唐·雷克/汤米·钟/J·K·西蒙斯/奥克塔维亚·斯宾瑟/艾伦·图代克/夏奇拉/雷蒙德·S·佩尔西/德拉·萨巴/莫里斯·拉马奇/菲尔·约翰斯顿/约翰·迪·马吉欧/凯蒂·洛斯/吉塔·雷迪/杰西·科尔蒂/汤米·利斯特/乔希·达拉斯/瑞奇·摩尔/凯斯·索西/彼得·曼斯布里奇/拜伦·霍华德/杰拉德·布什/马克·史密斯/乔西·特立尼达/约翰·拉维尔/克里斯汀·贝尔/吉尔·科德斯/梅利莎·古德温; 类型:喜剧/动画/冒险; ; 制片国家/地区:美国; 语言:英语/挪威语; 上映日期:2016-03-04(中国大陆/美国)/2020-07-24(中国大陆重映); 片长:109分钟(中国大陆)/108分钟; 又名:优兽大都会(港)/动物方城市(台)/动物乌托邦/动物大都会/Zootropolis; IMDb链接:tt2948356; ; ,9.2,https://movie.douban.com/subject/25662329/
No.20,无间道 無間道,(2002),; 导演:刘伟强/麦兆辉; 编剧:麦兆辉/庄文强; 主演:刘德华/梁朝伟/黄秋生/曾志伟/郑秀文/陈慧琳/陈冠希/余文乐/杜汶泽/林家栋/萧亚轩; 类型:剧情/悬疑/犯罪; ; 制片国家/地区:中国香港; 语言:粤语; 上映日期:2002-12-12(中国香港)/2003-09-05(中国大陆); 片长:101分钟/97分钟(导演剪辑版); 又名:InfernalAffairs/Mougaandou; IMDb链接:tt0338564; ; ,9.2,https://movie.douban.com/subject/1307914/
No.21,龙猫 となりのトトロ,(1988),; 导演:宫崎骏; 编剧:宫崎骏; 主演:日高法子/坂本千夏/糸井重里/岛本须美/北林谷荣/高木均/雨笠利幸/丸山裕子/广濑正志/鹫尾真知子/铃木玲子/千叶繁/龙田直树/鳕子/西村朋纮/石田光子/神代知衣/中村大树/水谷优子/平松晶子/大谷育江; 类型:动画/奇幻/冒险; ; 制片国家/地区:日本; 语言:日语; 上映日期:2018-12-14(中国大陆)/1988-04-16(日本); 片长:86分钟; 又名:邻居托托罗/邻家的豆豆龙/隔壁的特特罗/TonarinoTotoro/MyNeighborTotoro; IMDb链接:tt0096283; ; ,9.2,https://movie.douban.com/subject/1291560/
No.22,教父 The Godfather,(1972),; 导演:弗朗西斯·福特·科波拉; 编剧:马里奥·普佐/弗朗西斯·福特·科波拉; 主演:马龙·白兰度/阿尔·帕西诺/詹姆斯·肯恩/理查德·卡斯特尔诺/罗伯特·杜瓦尔/斯特林·海登/约翰·马利/理查德·康特/艾尔·勒提埃里/黛安·基顿/阿贝·维高达/塔莉娅·夏尔/吉亚尼·罗素/约翰·凯泽尔/鲁迪·邦德/兰尼·蒙大拿; 类型:剧情/犯罪; ; 制片国家/地区:美国; 语言:英语/意大利语/拉丁语; 上映日期:1972-03-15(纽约首映)/1972-03-24(美国); 片长:175分钟; 又名:MarioPuzo'sTheGodfather; IMDb链接:tt0068646; ; ,9.3,https://movie.douban.com/subject/1291841/
No.23,当幸福来敲门 The Pursuit of Happyness,(2006),; 导演:加布里埃莱·穆奇诺; 编剧:斯蒂夫·康拉德; 主演:威尔·史密斯/贾登·史密斯/坦迪·牛顿/布莱恩·豪威/詹姆斯·凯伦/丹·卡斯泰兰尼塔/柯特·富勒/塔卡尤·费舍尔/凯文·韦斯特/乔治·张/戴维·迈克尔·西尔弗曼/多米尼克·博夫/杰弗·卡伦/乔伊芙·拉文/斯科特·克拉斯; 类型:剧情/家庭/传记; ; 制片国家/地区:美国; 语言:英语/粤语; 上映日期:2008-01-17(中国大陆)/2020-07-20(中国大陆重映)/2006-12-15(美国); 片长:117分钟; 又名:寻找快乐的故事(港)/追求快乐/幸福追击/ThePursuitofHappiness; IMDb链接:tt0454921; ; ,9.1,https://movie.douban.com/subject/1849031/
No.24,怦然心动 Flipped,(2010),; 导演:罗伯·莱纳; 编剧:罗伯·莱纳/安德鲁·沙因曼/文德琳·范·德拉安南; 主演:玛德琳·卡罗尔/卡兰·麦克奥利菲/瑞贝卡·德·莫妮/安东尼·爱德华兹/约翰·马奥尼/佩内洛普·安·米勒/艾丹·奎因/凯文·韦斯曼/摩根·莉莉/瑞安·克茨纳/吉莉安·普法夫/迈克尔·博萨/博·勒纳/杰奎琳·埃沃拉/泰勒·格鲁秀斯/艾莉·布莱恩特/阿什莉·泰勒/伊瑟尔·布罗萨德/科迪·霍恩/迈克尔·博尔顿/肖恩·哈珀/斯戴芬妮·斯考特/帕特丽夏·伦茨/马修·戈尔德/阿罗拉·凯瑟琳·史密斯/凯莉·唐纳利/索菲亚·撒高/米歇尔·梅斯默/ScottJoelGizicki/RodMyers/卡拉帕西托/KatelynPacitto; 类型:剧情/喜剧/爱情; ; 制片国家/地区:美国; 语言:英语; 上映日期:2010-07-26(好莱坞首映)/2010-09-10(美国); 片长:90分钟; 又名:萌动青春/青春萌动/冒失/梧桐树之恋; IMDb链接:tt0817177; ; ,9.1,https://movie.douban.com/subject/3319755/
No.25,触不可及 Intouchables,(2011),; 导演:奥利维埃·纳卡什/埃里克·托莱达诺; 编剧:奥利维埃·纳卡什/埃里克·托莱达诺; 主演:弗朗索瓦·克鲁塞/奥玛·希/安娜·勒尼/奥德雷·弗勒罗/托马·索利韦尔; 类型:剧情/喜剧; ; 制片国家/地区:法国; 语言:法语; 上映日期:2011-11-02(法国); 片长:112分钟; 又名:闪亮人生(港)/逆转人生(台)/无法触碰/最佳拍档/不可触碰/不可触摸/Untouchable/TheIntouchables; IMDb链接:tt1675434; ; ,9.2,https://movie.douban.com/subject/6786002/
No.26,控方证人 Witness for the Prosecution,(1957),; 导演:比利·怀德; 编剧:阿加莎·克里斯蒂/比利·怀德/哈里·库尼兹; 主演:泰隆·鲍华/玛琳·黛德丽/查尔斯·劳顿/爱尔莎·兰切斯特/约翰·威廉姆斯/亨利·丹尼尔/伊安·沃尔夫/托林·撒切尔/诺玛·威登/尤娜·奥康纳/茹塔·李; 类型:剧情/悬疑/犯罪; ; 制片国家/地区:美国; 语言:英语/德语; 上映日期:1957-12-17(美国); 片长:116分钟; 又名:雄才伟略/情妇; IMDb链接:tt0051201; ; ,9.6,https://movie.douban.com/subject/1296141/
No.27,蝙蝠侠：黑暗骑士 The Dark Knight,(2008),; 导演:克里斯托弗·诺兰; 编剧:乔纳森·诺兰/克里斯托弗·诺兰/大卫·S·高耶; 主演:克里斯蒂安·贝尔/希斯·莱杰/艾伦·艾克哈特/迈克尔·凯恩/玛吉·吉伦哈尔/加里·奥德曼/摩根·弗里曼/莫尼克·加布里埃拉·库尔内/罗恩·迪恩/基里安·墨菲/黄经汉/内斯特·卡博内尔/埃里克·罗伯茨/里特奇·科斯特/安东尼·迈克尔·豪尔/基斯·斯扎拉巴基克/柯林·麦克法兰/约书亚·哈尔托/美琳达·麦格劳/内森·甘宝/迈克尔·维约/迈克尔·斯托扬诺夫/威廉·斯米利/丹尼·高德林/迈克尔·加·怀特/马修·奥尼尔/威廉·菲克纳/欧鲁米基·欧拉乌米/格雷格·比姆/爱利克·赫尔曼/毕崔斯·罗森/文森佐·尼克力/陈冠希; 类型:剧情/动作/科幻/惊悚/犯罪; 官方网站:thedarkknight.warnerbros.com; 制片国家/地区:美国/英国; 语言:英语/汉语普通话; 上映日期:2008-07-14(纽约首映)/2008-07-18(美国); 片长:152分钟; 又名:蝙蝠侠前传2：黑暗骑士/黑暗骑士(台)/蝙蝠侠-黑夜之神(港)/蝙蝠侠6：暗夜骑士/Batman:TheDarkKnight/TDK; IMDb链接:tt0468569; ; ,9.2,https://movie.douban.com/subject/1851857/
No.28,活着,(1994),; 导演:张艺谋; 编剧:芦苇/余华; 主演:葛优/巩俐/姜武/牛犇/郭涛/张璐/倪大红/肖聪/董飞/刘天池/董立范/黄宗洛/刘燕瑾/李连义/杨同顺; 类型:剧情/家庭/历史; ; 制片国家/地区:中国大陆/中国香港; 语言:汉语普通话; 上映日期:1994-06-30(中国香港)/1994-05-17(戛纳电影节); 片长:132分钟; 又名:人生/Lifetimes/ToLive; IMDb链接:tt0110081; ; ,9.2,https://movie.douban.com/subject/1292365/
No.29,寻梦环游记 Coco,(2017),; 导演:李·昂克里奇/阿德里安·莫利纳; 编剧:阿德里安·莫利纳/马修·奥尔德里奇/李·昂克里奇/詹森·卡茨; 主演:安东尼·冈萨雷斯/盖尔·加西亚·贝纳尔/本杰明·布拉特/阿兰娜·乌巴赫/芮妮·维克托/杰米·卡米尔/阿方索·阿雷奥/赫伯特·西古恩萨/加布里埃尔·伊格莱西亚斯/隆巴多·博伊尔/安娜·奥菲丽亚·莫吉亚/娜塔丽·科尔多瓦/赛琳娜·露娜/爱德华·詹姆斯·奥莫斯/索菲亚·伊斯皮诺萨/卡拉·梅迪纳/黛娅娜·欧特里/路易斯·瓦尔德斯/布兰卡·阿拉切利/萨尔瓦多·雷耶斯/切奇·马林/奥克塔维·索利斯/约翰·拉岑贝格; 类型:喜剧/动画/音乐/奇幻; ; 制片国家/地区:美国; 语言:英语/西班牙语; 上映日期:2017-11-24(中国大陆)/2020-07-20(中国大陆重映)/2017-11-22(美国); 片长:105分钟; 又名:玩转极乐园(港)/可可夜总会(台)/亡灵总动员(豆友译名)/冥冥之中(豆友译名)/墨西哥亡灵节/可可; IMDb链接:tt2380307; ; ,9.1,https://movie.douban.com/subject/20495023/
No.30,末代皇帝 The Last Emperor,(1987),; 导演:贝纳尔多·贝托鲁奇; 编剧:贝纳尔多·贝托鲁奇/马克·派普罗; 主演:尊龙/陈冲/邬君梅/彼得·奥图尔/英若诚/吴涛/黄自强/丹尼斯·邓恩/坂本龙一/马吉·汉/里克·扬/田川洋行/苟杰德/理查德·吴/皱缇格/陈凯歌/卢燕/区亨利/陈述/鲍皓昕/黄文捷/邵茹贞/亨利·基/张良斌/梁冬/康斯坦丁·格雷戈里/黄汉琪/王涛/宋怀桂/蔡鸿翔/程淑艳/张天民; 类型:剧情/传记/历史; ; 制片国家/地区:英国/意大利/中国大陆/法国; 语言:英语/汉语普通话/日语; 上映日期:1987-10-04(东京国际电影节)/1987-10-23(意大利); 片长:163分钟/219分钟(电视版); 又名:末代皇帝溥仪(港); IMDb链接:tt0093389; ; ,9.3,https://movie.douban.com/subject/1293172/
No.31,乱世佳人 Gone with the Wind,(1939),; 导演:维克多·弗莱明/乔治·库克/山姆·伍德; 编剧:玛格丽特·米歇尔/西德尼·霍华德/奥利弗·H·P·加勒特/本·赫克特/乔·斯沃林/约翰·范·德鲁登; 主演:费雯·丽/克拉克·盖博/奥利维娅·德哈维兰/托马斯·米切尔/芭芭拉·欧内尔/伊夫林·凯耶斯/安·卢瑟福德/乔治·里弗斯/弗莱德·克莱恩/海蒂·麦克丹尼尔/奥斯卡·波尔克/巴特弗莱·麦昆/维克托·乔里/埃弗雷特·布朗/霍华德·C·希克曼/艾丽西亚·瑞特/莱斯利·霍华德/兰德·布鲁克斯/卡洛尔·奈/劳拉·霍普·克鲁斯/埃迪·安德森/哈里·达文波特/利昂娜·罗伯特/简·达威尔/欧娜·满森/保罗·赫斯特/伊莎贝尔·朱尔/卡米·金·肯伦/艾瑞克·林登/J·M·克里根/沃德·邦德/莉莲·肯布尔-库珀; 类型:剧情/爱情/历史/战争; ; 制片国家/地区:美国; 语言:英语; 上映日期:1939-12-15(亚特兰大首映)/1940-01-17(美国); 片长:238分钟/234分钟; 又名:飘; IMDb链接:tt0031381; ; ,9.3,https://movie.douban.com/subject/1300267/
No.32,何以为家 كفرناحوم,(2018),; 导演:娜丁·拉巴基; 编剧:娜丁·拉巴基/吉哈德·霍加里/米歇尔·凯斯沃尼/乔治斯·哈巴兹/哈立德·穆扎纳; 主演:赞恩·阿尔·拉菲亚/约丹诺斯·希费罗/博鲁瓦蒂夫·特雷杰·班科尔/卡萨尔·艾尔·哈达德/法迪·尤瑟夫/海塔·塞德拉·伊扎姆/阿拉·乔什涅/娜丁·拉巴基/埃利亚斯·库利/努尔·艾尔·侯赛尼; 类型:剧情; ; 制片国家/地区:黎巴嫩/法国/美国; 语言:阿拉伯语/阿姆哈拉语; 上映日期:2019-04-29(中国大陆)/2018-05-17(戛纳电影节)/2018-09-20(黎巴嫩); 片长:126分钟/117分钟(中国大陆); 又名:迦百农/星仔打官司(港)/我想有个家(台)/Cafarnaúm/Capernaum/Capharnaüm; IMDb链接:tt8267604; ; ,9.1,https://movie.douban.com/subject/30170448/
No.33,摔跤吧！爸爸 Dangal,(2016),; 导演:涅提·蒂瓦里; 编剧:比于什·古普塔/施热亚·简/尼基尔·麦罗特拉/涅提·蒂瓦里; 主演:阿米尔·汗/法缇玛·萨那·纱卡/桑亚·玛荷塔/阿帕尔夏克提·库拉那/沙克希·坦沃/塞伊拉·沃西/苏哈妮·巴特纳格尔/里特维克·萨霍里/吉里什·库卡尼; 类型:剧情/家庭/传记/运动; ; 制片国家/地区:印度; 语言:印地语; 上映日期:2017-05-05(中国大陆)/2016-12-23(印度); 片长:161分钟(印度)/140分钟(中国大陆); 又名:我和我的冠军女儿(台)/打死不离3父女(港)/摔跤吧！老爸/摔跤家族/दंगल/WrestlingCompetition; IMDb链接:tt5074352; ; ,9.0,https://movie.douban.com/subject/26387939/
No.34,指环王3：王者无敌 The Lord of the Rings: The Return of the King,(2003),; 导演:彼得·杰克逊; 编剧:弗兰·威尔士/菲利帕·鲍恩斯/彼得·杰克逊/J·R·R·托尔金; 主演:伊利亚·伍德/西恩·奥斯汀/维果·莫腾森/奥兰多·布鲁姆/伊恩·麦克莱恩/肖恩·宾/多米尼克·莫纳汉/丽芙·泰勒/约翰·贝西/凯特·布兰切特/比利·博伊德/萨德文·布罗菲/阿利斯泰尔·布朗宁/马尔顿·索克斯/伯纳德·希尔/伊安·霍姆/布鲁斯·霍普金斯/IanHughes/劳伦斯·马克奥雷/NoelAppleby/布雷特·麦肯齐/AlexandraAstin/SarahMcLeod/MaisyMcLeod-Riera/约翰·诺贝尔/PaulNorell/米兰达·奥图/布鲁斯·菲利普斯/沙恩·朗吉/约翰·瑞斯-戴维斯/ToddRippon/安迪·瑟金斯/HarrySinclair/乔尔·托贝克/卡尔·厄本/史蒂芬·乌瑞/雨果·维文/大卫·文翰/阿兰·霍华德/萨拉·贝克/RobertPollock/佩特·史密斯/杰德·布罗菲/菲利普·格里夫/布拉德·道里夫/克里斯托弗·李/布鲁斯·斯宾斯/吉诺·阿赛维多/JarlBenzon/JørnBenzon/RobertCatto/MichaelElsworth/彼得·杰克逊/SandroKopp/安德鲁·莱斯尼/约瑟夫·米卡-亨特/亨利·莫腾森/克雷格·帕克/克里斯蒂安·瑞沃斯/迈克尔·斯曼内科/霍华德·肖/约翰·斯蒂芬森/理查德·泰勒; 类型:剧情/动作/奇幻/冒险; 官方网站:www.lordoftherings.net/; 制片国家/地区:美国/新西兰; 语言:英语/昆雅语/古英语/辛达林语; 上映日期:2004-03-12(中国大陆)/2003-12-17(美国); 片长:201分钟/254分钟(加长版)/263分钟(蓝光加长版); 又名:魔戒三部曲：王者再临(台/港)/指环王III：王者无敌/魔戒3：王者归来/指环王3：国王归来/指环王3：皇上回宫(豆友译名); IMDb链接:tt0167260; ; ,9.2,https://movie.douban.com/subject/1291552/
No.35,飞屋环游记 Up,(2009),; 导演:彼特·道格特/鲍勃·彼德森; 编剧:彼特·道格特/鲍勃·彼德森/汤姆·麦卡锡; 主演:爱德华·阿斯纳/克里斯托弗·普卢默/乔丹·长井/鲍勃·彼德森/德尔罗伊·林多/杰罗姆·兰福特/约翰·拉岑贝格/大卫·卡耶/艾丽·道克特/杰里米·利里/米凯·麦高万/丹尼·曼恩/唐纳德·富利洛夫/杰斯·哈梅尔/乔什·库雷/彼特·道格特; 类型:剧情/喜剧/动画/冒险; ; 制片国家/地区:美国; 语言:英语; 上映日期:2009-08-04(中国大陆)/2009-05-13(戛纳电影节)/2009-05-29(美国); 片长:96分钟; 又名:冲天救兵(港)/天外奇迹(台)/飞屋历险记; IMDb链接:tt1049413; ; ,9.0,https://movie.douban.com/subject/2129039/
No.36,少年派的奇幻漂流 Life of Pi,(2012),; 导演:李安; 编剧:扬·马特尔/大卫·麦基; 主演:苏拉·沙玛/伊尔凡·可汗/拉菲·斯波/阿迪勒·侯赛因/塔布/阿尤什·坦东/加塔姆·贝鲁尔/阿彦·汗/穆德·阿巴斯·卡勒里/维比什·希瓦库玛/热拉尔·德帕迪约/詹姆斯·塞托/俊·奈托/安德里亚·迪·斯戴法诺/沙拉万提·塞纳特/王柏杰/柯一正/黄健玮; 类型:剧情/奇幻/冒险; 官方网站:www.lifeofpimovie.com; 制片国家/地区:美国/中国台湾/英国/加拿大; 语言:英语/泰米尔语/法语/日语/印地语/汉语普通话; 上映日期:2012-11-22(中国大陆)/2012-09-28(纽约电影节)/2012-11-21(美国); 片长:127分钟; 又名:少年Pi的奇幻漂流/漂流少年Pi; IMDb链接:tt0454876; ; 官方小站:; 《少年派的奇幻漂流》官方小站; ,9.1,https://movie.douban.com/subject/1929463/
No.37,十二怒汉 12 Angry Men,(1957),; 导演:西德尼·吕美特; 编剧:雷金纳德·罗斯; 主演:亨利·方达/马丁·鲍尔萨姆/约翰·菲德勒/李·科布/E.G.马绍尔/杰克·克卢格曼/爱德华·宾斯/杰克·瓦尔登/约瑟夫·史威尼/埃德·贝格利/乔治·沃斯科维奇/罗伯特·韦伯; 类型:剧情; ; 制片国家/地区:美国; 语言:英语; 上映日期:1957-04-13(美国); 片长:96分钟; 又名:12怒汉; IMDb链接:tt0050083; ; ,9.4,https://movie.douban.com/subject/1293182/
No.38,素媛 소원,(2013),; 导演:李濬益; 编剧:金智慧/赵重勋/金成旭; 主演:薛景求/严志媛/李来/金海淑/金相浩/罗美兰/杨真诚/权泰元; 类型:剧情; 官方网站:www.wish-movie.kr; 制片国家/地区:韩国; 语言:韩语; 上映日期:2013-10-02(韩国); 片长:122分钟; 又名:许愿/希望：为爱重生(台)/So-won/Hope; IMDb链接:tt3153634; ; ,9.2,https://movie.douban.com/subject/21937452/
No.39,鬼子来了,(2000),; 导演:姜文; 编剧:姜文/史建全/述平/尤凤伟; 主演:姜文/香川照之/袁丁/姜宏波/丛志军/李从喜/泽田谦也/李海滨/蔡卫东/陈述/陈莲梅/史建全/陈强/宫路佳具/吴大维/梶冈润一/石山雄大/述平/姜武; 类型:剧情/喜剧; ; 制片国家/地区:中国大陆; 语言:汉语普通话/日语/唐山话; 上映日期:2000-05-12(戛纳电影节)/2002-04-27(日本); 片长:139分钟/162分钟(戛纳电影节); 又名:DevilsontheDoorstep; IMDb链接:tt0245929; ; ,9.3,https://movie.douban.com/subject/1291858/
No.40,哈尔的移动城堡 ハウルの動く城,(2004),; 导演:宫崎骏; 编剧:宫崎骏/吉田玲子/黛安娜·温恩·琼斯; 主演:倍赏千惠子/木村拓哉/美轮明宏/我修院达也/神木隆之介/伊崎充则/大泉洋/大塚明夫/原田大二郎/加藤治子/都筑香弥子; 类型:动画/奇幻/冒险; ; 制片国家/地区:日本; 语言:日语; 上映日期:2004-09-05(威尼斯电影节)/2004-11-20(日本); 片长:119分钟; 又名:哈尔移动城堡(港)/霍尔的移动城堡(台)/呼啸山城/豪尔的机动城堡/Howl'sMovingCastle/Haurunougokushiro; IMDb链接:tt0347149; ; ,9.1,https://movie.douban.com/subject/1308807/
No.41,天空之城 天空の城ラピュタ,(1986),; 导演:宫崎骏; 编剧:宫崎骏; 主演:田中真弓/横泽启子/初井言荣/寺田农/常田富士男/永井一郎/糸博/鹫尾真知子/神山卓三/安原义人/槐柳二/鳕子; 类型:动画/奇幻/冒险; ; 制片国家/地区:日本; 语言:日语; 上映日期:1992-05-01(中国大陆)/1986-08-02(日本); 片长:125分钟; 又名:TenkûnoshiroRapyuta/Laputa:CastleintheSky; IMDb链接:tt0092067; ; ,9.1,https://movie.douban.com/subject/1291583/
No.42,大话西游之月光宝盒 西遊記第壹佰零壹回之月光寶盒,(1995),; 导演:刘镇伟; 编剧:刘镇伟/吴承恩; 主演:周星驰/吴孟达/罗家英/蓝洁瑛/莫文蔚/江约诚/陆树铭/刘镇伟/朱茵/李健仁; 类型:喜剧/爱情/奇幻/古装; ; 制片国家/地区:中国香港/中国大陆; 语言:粤语/汉语普通话; 上映日期:1995-01-21(中国香港)/2014-10-24(中国大陆); 片长:87分钟; 又名:西游记101回月光宝盒/齐天大圣东游记/大话东游之一/AChineseOdysseyPartOne-Pandora'sBox; IMDb链接:tt0112778; ; ,9.0,https://movie.douban.com/subject/1299398/
No.43,哈利·波特与魔法石 Harry Potter and the Sorcerer's Stone,(2001),; 导演:克里斯·哥伦布; 编剧:史蒂夫·克洛夫斯/J·K·罗琳; 主演:丹尼尔·雷德克里夫/艾玛·沃森/鲁伯特·格林特/艾伦·瑞克曼/玛吉·史密斯/汤姆·费尔顿/伊恩·哈特/理查德·哈里斯/约翰·赫特/罗彼·考特拉尼/朱丽·沃特斯/邦妮·怀特/约翰·克立斯/肖恩·比格斯代夫; 类型:奇幻/冒险; 官方网站:www.harrypotter.co.uk; 制片国家/地区:美国/英国; 语言:英语; 上映日期:2002-01-26(中国大陆)/2020-08-14(中国大陆重映)/2001-11-04(英国首映)/2001-11-16(美国); 片长:152分钟/159分钟(加长版); 又名:哈利波特1：神秘的魔法石(港/台)/哈1/HarryPotterandthePhilosopher'sStone; IMDb链接:tt0241527; ; ,9.0,https://movie.douban.com/subject/1295038/
No.44,天堂电影院 Nuovo Cinema Paradiso,(1988),; 导演:朱塞佩·托纳多雷; 编剧:朱塞佩·托纳多雷/瓦娜·波利/理查德·埃帕卡; 主演:安东内拉·阿蒂利/恩佐·卡拉瓦勒/艾萨·丹尼埃利/里奥·故罗塔/马克·莱昂纳蒂/普佩拉·玛奇奥/阿格妮丝·那诺/莱奥波多·特里耶斯泰/萨瓦特利·卡西欧/尼古拉·迪·平托/罗伯塔·蕾娜/尼诺·戴罗佐/雅克·贝汉/菲利普·努瓦雷/玛丽娜·朱迪切/比阿特丽斯·帕姆/罗斯科·阿巴克尔/茹涅·阿斯托尔/伊格纳齐奥·巴尔萨莫/碧姬·芭铎/约翰·巴里摩尔/伊萨·巴尔齐扎/英格丽·褒曼/维尔玛·班基/克拉拉·卡拉马伊/查理·卓别林/加里·库珀/奥利维娅·德哈维兰/维托里奥·德西卡/柯克·道格拉斯/埃罗尔·弗林/布丽吉特·佛西/让·迦本/克拉克·盖博/葛丽泰·嘉宝/维托里奥·加斯曼/马西莫·吉洛蒂/法利·格兰杰/加里·格兰特/乔治亚·黑尔/劳伦斯·哈维/海伦·海丝/路易·茹韦/安娜·马尼亚尼/西尔瓦娜·曼加诺/马塞洛·马斯楚安尼/阿梅德奥·纳扎里/苏济·普里姆/唐娜·里德/简·拉塞尔/罗莎琳德·拉塞尔/伊冯娜·桑松/玛丽亚·雪儿/瑙玛·希拉/西蒙·西涅莱/阿尔贝托·索尔迪/詹姆斯·斯图尔特/朱塞佩·托纳多雷/托托/斯宾塞·屈塞/克莱尔·特雷弗/鲁道夫·瓦伦蒂诺/阿莉达·瓦利/约翰·韦恩; 类型:剧情/爱情; ; 制片国家/地区:意大利/法国; 语言:意大利语; 上映日期:1988-11-17(意大利); 片长:155分钟/173分钟(导演剪辑版)/124分钟(剧场版); 又名:星光伴我心(港)/新天堂乐园(台)/CinemaParadiso; IMDb链接:tt0095765; ; ,9.2,https://movie.douban.com/subject/1291828/
No.45,罗马假日 Roman Holiday,(1953),; 导演:威廉·惠勒; 编剧:伊安·麦克莱伦·亨特/约翰·戴顿/达尔顿·特朗勃; 主演:奥黛丽·赫本/格利高里·派克/埃迪·艾伯特/哈特利·鲍尔/哈考特·威廉姆斯/玛格丽特·罗林斯/托里奥·卡米纳提/PaoloCarlini/ClaudioErmelli/保拉·布鲁布尼/里佐·弗雷多里佐; 类型:剧情/喜剧/爱情; ; 制片国家/地区:美国; 语言:英语/意大利语/德语; 上映日期:1953-08-20(威尼斯电影节)/1953-09-02(美国); 片长:118分钟; 又名:金枝玉叶(港)/罗马假期(台); IMDb链接:tt0046250; ; ,9.0,https://movie.douban.com/subject/1293839/
No.46,闻香识女人 Scent of a Woman,(1992),; 导演:马丁·布莱斯特; 编剧:博·古德曼/乔瓦尼·阿尔皮诺; 主演:阿尔·帕西诺/克里斯·奥唐纳/詹姆斯·瑞布霍恩/加布里埃尔·安瓦尔/菲利普·塞默·霍夫曼/理查德·文彻/布莱德利·惠特福德/罗谢尔·奥利弗/MargaretEginton/TomRiisFarrell/NicholasSadler/托德·路易斯/马特·史密斯/吉恩·坎菲尔德/弗兰西丝·康罗伊; 类型:剧情; ; 制片国家/地区:美国; 语言:英语; 上映日期:1992-12-23(美国); 片长:157分钟; 又名:女人香/女人的芳香; IMDb链接:tt0105323; ; ,9.1,https://movie.douban.com/subject/1298624/
No.47,我不是药神,(2018),; 导演:文牧野; 编剧:韩家女/钟伟/文牧野; 主演:徐峥/王传君/周一围/谭卓/章宇/杨新鸣/王佳佳/王砚辉/贾晨飞/龚蓓苾/宁浩/李乃文/岳小军/苇青/富冠铭/巴拉特·巴蒂/喜利图/张海艳/朱耕佑; 类型:剧情/喜剧; ; 制片国家/地区:中国大陆; 语言:汉语普通话/英语/上海话/印地语; 上映日期:2018-07-05(中国大陆)/2018-06-30(大规模点映); 片长:117分钟; 又名:中国药神/印度药神/印度药商/生命之路/DyingtoSurvive/DrugDealer; IMDb链接:tt7362036; ; ,9.0,https://movie.douban.com/subject/26752088/
No.48,辩护人 변호인,(2013),; 导演:杨宇硕; 编剧:杨宇硕/尹贤浩; 主演:宋康昊/金英爱/吴达洙/郭度沅/任时完/宋永彰/郑元中/赵敏基/李杭娜/李星民/车光洙/韩基重/沈熙燮/赵莞基/李姃垠; 类型:剧情; 官方网站:www.lawyersong.kr; 制片国家/地区:韩国; 语言:韩语; 上映日期:2013-12-18(韩国); 片长:127分钟; 又名:逆权大状(港)/正义辩护人(台)/TheAttorney; IMDb链接:tt3404140; ; ,9.2,https://movie.douban.com/subject/21937445/
No.49,搏击俱乐部 Fight Club,(1999),; 导演:大卫·芬奇; 编剧:恰克·帕拉尼克/吉姆·乌尔斯; 主演:爱德华·诺顿/布拉德·皮特/海伦娜·伯翰·卡特/扎克·格雷尼尔/米特·洛夫/杰瑞德·莱托/艾恩·贝利/里奇蒙德·阿奎特/乔治·马奎尔; 类型:剧情/动作/悬疑/惊悚; ; 制片国家/地区:美国/德国; 语言:英语; 上映日期:1999-09-10(威尼斯电影节)/1999-10-15(美国); 片长:139分钟; 又名:搏击会(港)/斗阵俱乐部(台)/格斗俱乐部; IMDb链接:tt0137523; ; ,9.0,https://movie.douban.com/subject/1292000/
No.50,教父2 The Godfather: Part Ⅱ,(1974),; 导演:弗朗西斯·福特·科波拉; 编剧:弗朗西斯·福特·科波拉/马里奥·普佐; 主演:阿尔·帕西诺/罗伯特·杜瓦尔/黛安·基顿/罗伯特·德尼罗/约翰·凯泽尔/塔莉娅·夏尔/李·斯特拉斯伯格/迈克尔·V·格佐/G·D·斯普拉德林/理查德·布赖特/加斯通·莫辛/汤姆·罗斯奎/布鲁诺·柯比/弗兰克·西维罗/弗朗西丝卡·德·萨维奥/摩甘娜金/玛丽亚娜·希尔/莱奥波多·特里耶斯泰/多米尼克·查尼斯/AmerigoTot/特洛伊·多纳胡/约翰·阿普雷亚/乔·斯皮内尔/阿贝·维高达/吉亚尼·罗素/MariaCarta/菲伊·斯潘/哈利·戴恩·斯坦通/卡明·卡里迪/丹尼·爱罗/威廉·鲍尔斯/约瑟夫·德拉·索尔特/卡门·阿尔根齐亚诺/乔·罗·格里普/EzioFlagello/凯瑟琳·贝勒/SaveriaMazzola/TitoAlba/彼得·多纳特/汤姆·达尔格伦/PhilFeldman/罗杰·科曼/伊凡·科尔/艾丽卡·约恩/TeresaTirelli/詹姆斯·肯恩/ItaliaCoppola/罗曼·科波拉/索菲亚·科波拉/朱莉·格雷格/GeorgeHolmes/BuckHoughton/ShepHoughton/小杉正一/加里·库尔茨/LauraLyons/理查德·麦瑟森/约翰·梅根纳/HarrisonRessler/AlRoberts/HankRobinson/FilomenaSpagnuolo; 类型:剧情/犯罪; ; 制片国家/地区:美国; 语言:英语/意大利语/西班牙语/拉丁语/西西里语; 上映日期:1974-12-12(纽约首映)/1974-12-20(美国); 片长:202分钟; 又名:教父续集(港)/教父II; IMDb链接:tt0071562; ; ,9.2,https://movie.douban.com/subject/1299131/
No.51,死亡诗社 Dead Poets Society,(1989),; 导演:彼得·威尔; 编剧:汤姆·舒尔曼; 主演:罗宾·威廉姆斯/罗伯特·肖恩·莱纳德/伊桑·霍克/乔西·查尔斯/盖尔·汉森/迪伦·库斯曼/阿勒隆·鲁杰罗/詹姆斯·沃特斯顿/诺曼·劳埃德/柯特伍德·史密斯/卡拉·贝尔韦尔/利昂·波纳尔/乔治·马丁/乔·奥菲耶里/马特·凯里/凯文·库尼/拉腊·弗林·鲍尔/亚历桑德拉·鲍尔斯/梅洛拉·沃尔特斯/帕梅拉·伯勒尔/约翰·库宁汉姆/迪布拉·穆尼/库尔特·莱特纳/凯瑟·斯内德/霍纳斯·斯蒂克洛瑞斯/杰米·肯尼迪; 类型:剧情; ; 制片国家/地区:美国; 语言:英语/拉丁语; 上映日期:1989-06-02(多伦多首映)/1989-06-09(美国); 片长:128分钟; 又名:暴雨骄阳(港)/春风化雨(台)/壮志骄阳; IMDb链接:tt0097165; ; ,9.1,https://movie.douban.com/subject/1291548/
No.52,狮子王 The Lion King,(1994),; 导演:罗杰·阿勒斯/罗伯·明可夫; 编剧:艾琳·梅琪/乔纳森·罗伯特/琳达·伍尔芙顿; 主演:乔纳森·泰勒·托马斯/马修·布罗德里克/杰瑞米·艾恩斯/詹姆斯·厄尔·琼斯/莫伊拉·凯利/内森·连恩/尼基塔·卡兰姆/厄尼·萨贝拉/乌比·戈德堡/罗温·艾金森; 类型:动画/歌舞/冒险; ; 制片国家/地区:美国; 语言:英语/斯瓦希里语/科萨语/祖鲁语; 上映日期:1995-07-15(中国大陆)/1994-06-15(美国)/2011-09-16(美国); 片长:89分钟; 又名:狮子王3D; IMDb链接:tt0110357; ; ,9.0,https://movie.douban.com/subject/1301753/
No.53,大闹天宫,(1961),; 导演:万籁鸣/唐澄; 编剧:李克弱/万籁鸣; 主演:邱岳峰/富润生/毕克/尚华/于鼎/李梓/刘广宁; 类型:动画/奇幻; ; 制片国家/地区:中国大陆; 语言:汉语普通话; 上映日期:1961(中国大陆)/1964(中国大陆)/1978(中国大陆)/2004(中国大陆); 片长:114分钟; 又名:大闹天宫上下集/TheMonkeyKing/HavocinHeaven/UproarinHeaven; IMDb链接:tt0059855; ; ,9.3,https://movie.douban.com/subject/1418019/
No.54,指环王2：双塔奇兵 The Lord of the Rings: The Two Towers,(2002),; 导演:彼得·杰克逊; 编剧:弗兰·威尔士/菲利帕·鲍恩斯/斯蒂芬·辛克莱/彼得·杰克逊/J·R·R·托尔金; 主演:伊利亚·伍德/西恩·奥斯汀/多米尼克·莫纳汉/奥兰多·布鲁姆/维果·莫腾森/伊恩·麦克莱恩/凯特·布兰切特/比利·博伊德/杰德·布罗菲/丽芙·泰勒/安迪·瑟金斯/米兰达·奥图/雨果·维文/布拉德·道里夫/卡卢姆·吉廷斯/伯纳德·希尔/布鲁斯·霍普金斯/克里斯托弗·李/纳撒尼尔·利斯/罗宾·马尔科姆/约翰·贝西/萨拉·贝克/克雷格·帕克/布鲁斯·菲利普斯/RobertPollock/约翰·瑞斯-戴维斯/奥利维亚·田內/卡尔·厄本/史蒂芬·乌瑞/大卫·文翰/菲利普·格里夫/肖恩·宾/约翰·诺贝尔/JarlBenzon/JørnBenzon/BenBritton/阿利斯泰尔·布朗宁/SeanButton/RobertCatto/罗德尼·库克/卡尔洛斯德林克沃特/西奥沙福瓦/本·弗兰舍姆/JonathanHarding/LucasHayward/丹·汉纳/PaulHolmes/杰森霍德/彼得·杰克逊/SamKelly/SandroKopp; 类型:剧情/动作/奇幻/冒险; 官方网站:www.lordoftherings.net; 制片国家/地区:美国/新西兰; 语言:英语/辛达林语/古代英语; 上映日期:2003-04-25(中国大陆)/2002-12-05(纽约首映)/2002-12-18(美国); 片长:179分钟/223分钟(加长版)/235分钟(蓝光加长版); 又名:魔戒二部曲：双城奇谋/指环王II：双塔/魔戒2：双塔奇谋; IMDb链接:tt0167261; ; ,9.1,https://movie.douban.com/subject/1291572/
No.55,猫鼠游戏 Catch Me If You Can,(2002),; 导演:史蒂文·斯皮尔伯格; 编剧:杰夫·内桑森; 主演:莱昂纳多·迪卡普里奥/汤姆·汉克斯/克里斯托弗·沃肯/马丁·辛/艾米·亚当斯/詹妮弗·加纳/伊丽莎白·班克斯/纳塔莉·贝伊/詹姆斯·布洛林/艾伦·旁派/南希·利内翰/布莱恩·豪威/弗兰克·约翰·休斯/克里斯·埃里斯; 类型:剧情/传记/犯罪; ; 制片国家/地区:美国/加拿大; 语言:英语/法语; 上映日期:2003-04-11(中国大陆)/2002-12-16(洛杉矶首映)/2002-12-25(美国); 片长:141分钟; 又名:逍遥法外/神鬼交锋(台)/捉智双雄(港)/我知道你是谁/有种来抓我; IMDb链接:tt0264464; ; ,9.0,https://movie.douban.com/subject/1305487/
No.56,窃听风暴 Das Leben der Anderen,(2006),; 导演:弗洛里安·亨克尔·冯·多纳斯马尔克; 编剧:弗洛里安·亨克尔·冯·多纳斯马尔克; 主演:乌尔里希·穆埃/马蒂娜·格德克/塞巴斯蒂安·科赫/乌尔里希·图库尔/托马斯·蒂梅/汉斯-尤韦·鲍尔/沃克马·克莱纳特/马提亚斯·布伦纳/查理·哈纳/赫伯特·克瑙普/巴斯蒂安·特罗斯特/玛丽·格鲁伯/维尔纳·德恩/马丁·布拉姆马赫/托马斯·阿诺德/辛纳克·勋纳曼/路德韦格·布洛克伯格/迈克尔·格伯/吉塔·施维赫夫/希尔德加德·斯罗德/伊嘉·比肯费尔德/凯·伊沃·保利兹/克劳斯·芒斯特; 类型:剧情/悬疑; ; 制片国家/地区:德国; 语言:德语; 上映日期:2006-03-23(德国); 片长:137分钟; 又名:窃听者(港)/他人的生活/别人的生活/别样人生/TheLivesofOthers; IMDb链接:tt0405094; ; ,9.1,https://movie.douban.com/subject/1900841/
No.57,指环王1：魔戒再现 The Lord of the Rings: The Fellowship of the Ring,(2001),; 导演:彼得·杰克逊; 编剧:弗兰·威尔士/菲利帕·鲍恩斯/彼得·杰克逊/J·R·R·托尔金; 主演:伊利亚·伍德/西恩·奥斯汀/伊恩·麦克莱恩/奥兰多·布鲁姆/维果·莫腾森/多米尼克·莫纳汉/比利·博伊德/克里斯托弗·李/马尔顿·索克斯/梅根·爱德华兹/伊安·霍姆/MichaelElsworth/凯特·布兰切特/阿兰·霍华德/马克·弗格森/肖恩·宾/萨拉·贝克/NoelAppleby/劳伦斯·马克奥雷/安迪·瑟金斯/彼得·麦肯齐/SarahMcLeod/伊恩·穆内/克雷格·帕克/卡梅隆·罗德/约翰·瑞斯-戴维斯/MartynSanderson/HarrySinclair/丽芙·泰勒/大卫·韦瑟莱/雨果·维文/菲利普·格里夫/威廉·约翰逊/伊丽莎白·穆迪/布莱恩·瑟金特/吉诺·阿赛维多/JarlBenzon/JørnBenzon/BenBritton/杰德·布罗菲/诺曼·凯茨/兰德尔·威廉·库克/萨比恩·克洛森/西奥沙福瓦/本·弗兰舍姆/JonathanHarding/TaeaHartwell/彼得·杰克逊/SamKelly/艾伦·李; 类型:剧情/动作/奇幻/冒险; 官方网站:www.lordoftherings.net; 制片国家/地区:新西兰/美国; 语言:英语/辛达林语; 上映日期:2002-04-04(中国大陆)/2001-12-19(美国); 片长:178分钟/208分钟(加长版)/228分钟(蓝光加长版); 又名:魔戒首部曲：魔戒现身/指环王I：护戒使者/魔戒1：护戒联盟; IMDb链接:tt0120737; ; ,9.0,https://movie.douban.com/subject/1291571/
No.58,钢琴家 The Pianist,(2002),; 导演:罗曼·波兰斯基; 编剧:罗纳德·哈伍德; 主演:艾德里安·布洛迪/托马斯·克莱舒曼/艾米莉娅·福克斯/米哈乌·热布罗夫斯基/埃德·斯托帕德/穆琳·利普曼/弗兰克·芬莱/茱莉亚·蕾娜/杰西卡·凯特·梅耶尔/理查德·赖丁斯; 类型:剧情/音乐/传记/历史/战争; ; 制片国家/地区:法国/德国/英国/波兰; 语言:英语/德语/俄语; 上映日期:2002-05-24(戛纳电影节)/2002-09-25(法国); 片长:150分钟; 又名:钢琴战曲(港)/战地琴人(台)/战地琴声/钢琴师; IMDb链接:tt0253474; ; ,9.2,https://movie.douban.com/subject/1296736/
No.59,黑客帝国 The Matrix,(1999),; 导演:莉莉·沃卓斯基/拉娜·沃卓斯基; 编剧:莉莉·沃卓斯基/拉娜·沃卓斯基; 主演:基努·里维斯/劳伦斯·菲什伯恩/凯瑞-安·莫斯/雨果·维文/格洛丽亚·福斯特/乔·潘托里亚诺/马库斯·钟/朱利安·阿拉汗加/马特·多兰/贝琳达·麦克洛里/安东尼雷派克/罗伯特·泰勒/阿达·尼科德莫/罗温·维特/TamaraBrown/NatalieTjen/比尔·扬/ChrisScott/纳许·埃哲顿; 类型:动作/科幻; ; 制片国家/地区:美国/澳大利亚; 语言:英语; 上映日期:1999-03-31(美国); 片长:136分钟; 又名:22世纪杀人网络(港)/廿二世纪杀人网络(港)/骇客任务(台)/骇客帝国; IMDb链接:tt0133093; ; ,9.0,https://movie.douban.com/subject/1291843/
No.60,美丽心灵 A Beautiful Mind,(2001),; 导演:朗·霍华德; 编剧:阿齐瓦·高斯曼/西尔维娅·纳萨尔; 主演:罗素·克劳/艾德·哈里斯/詹妮弗·康纳利/克里斯托弗·普卢默/保罗·贝坦尼/亚当·戈德堡/乔什·卢卡斯/安东尼·拉普/贾森·加里-斯坦福德/贾德·赫希/奥斯汀·潘德尔顿/薇薇·卡登尼/吉莉·西蒙/维克多·斯坦巴赫/坦娅·克拉克/罗伊·辛尼斯/谢丽尔·霍华德/兰斯·霍华德/简·詹金斯/乔什·帕斯/瓦伦蒂娜·卡迪纳利/蒂格尔·F·伯格里/迈克尔·埃斯佩尔/艾米·瓦尔兹/小艾德.朱普/卡拉·奥奇格罗索/斯特里奥·萨万特/迈克尔·阿伯特/雷吉·奥斯汀/凯德·比特纳/理查·布莱恩特/丹·陈/乔纳·福尔肯/法布里奇奥·范特/斯科特·费恩斯特罗姆/迈克尔·菲奥里/塞斯·盖贝尔/埃文·哈特/杰森·霍顿/布莱丝·达拉斯·霍华德/朗·霍华德/多里·曼佐尔/罗伯特·迈尔斯/里德·彭尼/米尔斯·彼埃尔/肖恩·里德; 类型:剧情/传记; ; 制片国家/地区:美国; 语言:英语; 上映日期:2001-12-13(加州首映)/2002-01-04(美国); 片长:135分钟; 又名:有你终生美丽(港)/美丽境界(台)/完美大脑; IMDb链接:tt0268978; ; ,9.0,https://movie.douban.com/subject/1306029/
No.61,"两杆大烟枪 Lock, Stock and Two Smoking Barrels",(1998),; 导演:盖·里奇; 编剧:盖·里奇; 主演:杰森·弗莱明/德克斯特·弗莱彻/尼克·莫兰/杰森·斯坦森/斯蒂文·麦金托什/斯汀/维尼·琼斯; 类型:剧情/喜剧/犯罪; ; 制片国家/地区:英国; 语言:英语; 上映日期:1998-08-28(英国); 片长:107分钟/115分钟(导演剪辑版); 又名:够姜四小强(港)/两根枪管(台)/两只老烟枪/魔高一丈/两杆老烟枪; IMDb链接:tt0120735; ; ,9.1,https://movie.douban.com/subject/1293350/
No.62,饮食男女 飲食男女,(1994),; 导演:李安; 编剧:李安/王蕙玲/詹姆斯·夏慕斯; 主演:郎雄/杨贵媚/吴倩莲/王渝文/张艾嘉/归亚蕾/赵文瑄/陈昭荣/陈捷文/卢金城/唐语谦/洪其德/王瑞/杜满生/王玨/陈妤/左正芬/许敬民/聂卓晶/丁仲; 类型:剧情/家庭; ; 制片国家/地区:中国台湾/美国; 语言:汉语普通话/闽南语/湖南话; 上映日期:1994-08-03(美国); 片长:124分钟; 又名:EatDrinkManWoman; IMDb链接:tt0111797; ; ,9.1,https://movie.douban.com/subject/1291818/
No.63,飞越疯人院 One Flew Over the Cuckoo's Nest,(1975),; 导演:米洛斯·福尔曼; 编剧:劳伦斯·奥邦/博·古德曼/肯·凯西/达尔·瓦瑟曼; 主演:杰克·尼科尔森/丹尼·德维托/克里斯托弗·洛伊德/路易丝·弗莱彻/威尔·萨姆森/特德·马克兰德/布拉德·道里夫/斯加特曼·克罗索斯/迈克尔·贝里曼/彼得·布罗科/穆瓦科·卡姆布卡/威廉·达尔/乔西普·艾利克/西德尼·拉斯克/凯·李/德怀特·马费尔德/路易莎·莫里茨/威廉·雷德菲尔德/菲利普·罗斯/米米·萨奇席恩/文森特·斯卡维利/米斯·斯马尔/德罗斯·V·史密斯; 类型:剧情; ; 制片国家/地区:美国; 语言:英语; 上映日期:1975-11-19(美国); 片长:133分钟; 又名:飞越杜鹃窝(台)/飞越喜鹊巢; IMDb链接:tt0073486; ; ,9.1,https://movie.douban.com/subject/1292224/
No.64,本杰明·巴顿奇事 The Curious Case of Benjamin Button,(2008),; 导演:大卫·芬奇; 编剧:艾瑞克·罗斯/罗宾·史威考德/F·司各特·菲茨杰拉德; 主演:凯特·布兰切特/布拉德·皮特/朱莉娅·奥蒙德/芳妮·A·钱勃丝/伊莱亚斯·科泰斯/杰森·弗莱明/大卫·詹森/蒂尔达·斯文顿/艾丽·范宁/乔安娜·塞勒/乔什·斯图沃特/丹尼·文森/塔拉吉·P·汉森/马赫沙拉·阿里/菲奥娜·黑尔/唐娜·杜普兰提尔/兰斯·E·尼克尔斯/特德·曼森/克莱·卡伦/菲利斯·萨莫维尔/杰瑞德·哈里斯/麦迪逊·贝蒂/汤姆·埃沃雷特/克里斯托弗·马克斯韦尔/伊利亚·沃里克; 类型:剧情/爱情/奇幻; ; 制片国家/地区:美国; 语言:英语/俄语/法语; 上映日期:2008-12-25(美国); 片长:166分钟; 又名:奇幻逆缘(港)/班杰明的奇幻旅程(台)/返老还童; IMDb链接:tt0421715; ; ,8.9,https://movie.douban.com/subject/1485260/
No.65,让子弹飞,(2010),; 导演:姜文; 编剧:朱苏进/述平/姜文/郭俊立/危笑/李不空/马识途; 主演:姜文/葛优/周润发/刘嘉玲/陈坤/张默/姜武/周韵/廖凡/姚橹/邵兵/苗圃/冯小刚/胡军/马珂/白冰/杜奕衡/李静/胡明/危笑/杨奇雨/赵铭; 类型:剧情/喜剧/动作/西部; ; 制片国家/地区:中国大陆/中国香港; 语言:汉语普通话/四川话/山西话; 上映日期:2010-12-16(中国大陆); 片长:132分钟; 又名:让子弹飞一会儿/火烧云/LetTheBulletsFly; IMDb链接:tt1533117; ; 官方小站:; 让子弹飞; ,8.8,https://movie.douban.com/subject/3742360/
No.66,看不见的客人 Contratiempo,(2016),; 导演:奥里奥尔·保罗; 编剧:奥里奥尔·保罗; 主演:马里奥·卡萨斯/阿娜·瓦格纳/何塞·科罗纳多/巴巴拉·莱涅/弗兰塞斯克·奥雷利亚/帕科·图斯/大卫·塞尔瓦斯/伊尼戈·加斯特西/圣·耶拉莫斯/马内尔·杜维索/布兰卡·马丁内斯/佩雷·布拉索/霍尔迪·布鲁内特/鲍比·冈萨雷斯/玛蒂娜·乌尔塔多; 类型:剧情/悬疑/惊悚/犯罪; ; 制片国家/地区:西班牙; 语言:西班牙语; 上映日期:2017-09-15(中国大陆)/2016-09-23(奇幻电影节)/2017-01-06(西班牙); 片长:106分钟; 又名:死无对证(港)/布局(台)/TheInvisibleGuest; IMDb链接:tt4857264; ; ,8.8,https://movie.douban.com/subject/26580232/
No.67,绿皮书 Green Book,(2018),; 导演:彼得·法雷里; 编剧:尼克·瓦莱隆加/布莱恩·库瑞/彼得·法雷里; 主演:维果·莫腾森/马赫沙拉·阿里/琳达·卡德里尼/塞巴斯蒂安·马尼斯科/迪米特·D·马里诺夫/迈克·哈顿/P·J·伯恩/乔·柯蒂斯/玛姬·尼克松/冯·刘易斯/乔恩·索特兰/唐·斯达克/安东尼·曼加诺/保罗·斯隆/珍娜·劳伦索/肯尼斯·以色列/伊克博·塞巴/尼克·瓦莱隆加/大卫·安/迈克·切罗内/杰拉尔丁·辛格/马丁·巴特斯·布拉德福德/格拉伦·布莱恩特·班克斯/汤姆·维图/夏恩·帕特洛/丹尼斯·W·霍尔/吉姆·克洛克/戴恩·罗兹/布赖恩·斯特帕尼克/乔恩·迈克尔·戴维斯/布莱恩·库瑞/托尼亚·马尔多纳多; 类型:剧情/喜剧/传记; ; 制片国家/地区:美国; 语言:英语/意大利语/俄语/德语; 上映日期:2019-03-01(中国大陆)/2018-09-11(多伦多电影节)/2018-11-16(美国); 片长:130分钟; 又名:绿簿旅友(港)/幸福绿皮书(台)/绿书; IMDb链接:tt6966692; ; ,8.9,https://movie.douban.com/subject/27060077/
No.68,西西里的美丽传说 Malèna,(2000),; 导演:朱塞佩·托纳多雷; 编剧:朱塞佩·托纳多雷/卢恰诺·温琴佐尼; 主演:莫妮卡·贝鲁奇/朱塞佩·苏尔法罗/LucianoFederico/玛蒂尔德·皮亚纳/PietroNotarianni/GaetanoAronica/GilbertoIdonea/AngeloPellegrino/GabriellaDiLuzio/PippoProvvidenti/埃丽萨·莫鲁奇/奥罗拉·夸特罗基/露琪亚·萨多/瓦尼·布拉马蒂/SalvatoreMartino/安东内洛·普利西/NoamMorgensztern; 类型:剧情/情色/战争; ; 制片国家/地区:意大利/美国; 语言:意大利语/英语/拉丁语/古希腊语; 上映日期:2000-10-27(意大利); 片长:109分钟/USA:92分钟(heavilycut)/Turkey:84分钟(TVversion); 又名:真爱伴我行(台)/玛莲娜/玛琳娜; IMDb链接:tt0213847; ; ,8.9,https://movie.douban.com/subject/1292402/
No.69,拯救大兵瑞恩 Saving Private Ryan,(1998),; 导演:史蒂文·斯皮尔伯格; 编剧:罗伯特·罗达特; 主演:汤姆·汉克斯/汤姆·塞兹摩尔/爱德华·伯恩斯/巴里·佩珀/亚当·戈德堡/范·迪塞尔/吉奥瓦尼·瑞比西/杰瑞米·戴维斯/马特·达蒙/特德·丹森/保罗·吉亚玛提/丹尼斯·法里纳/马克斯·马蒂尼/丹兰·布鲁诺/丹尼尔·切尔奎拉/迪米特里·格里特萨斯/史蒂夫·格里芬/彼得·迈尔斯/亚当·肖/罗尔夫·萨克森/克里·约翰逊/洛克兰·艾肯/尚恩·约翰逊/莱尔德·曼辛托斯/安德鲁·斯科特/马修·夏普/文森特·沃尔什/约翰·沙拉恩/马丁·哈伯/罗非洛·迪格托勒/恩里奇·雷德曼/米歇尔·埃文斯/内森·菲利安/利兰·奥瑟/大卫·维格/瑞恩·赫斯特/哈威·普雷斯内尔/代尔·戴/布莱恩·科兰斯顿/大卫·沃尔/埃里克·罗兰/哈里逊·杨/凯思琳·拜荣/约翰·德·兰西/詹姆斯·恩布里/德里克·李/若昂·科斯塔·梅内塞斯/马克·施泰因迈尔; 类型:剧情/历史/战争; 官方网站:http://www.rzm.com/pvt.ryan/index.html; 制片国家/地区:美国; 语言:英语/法语/德语/捷克语; 上映日期:1998-11-13(中国大陆)/1998-07-24(美国); 片长:169分钟; 又名:雷霆救兵(港)/抢救雷恩大兵(台)/拯救大兵雷恩; IMDb链接:tt0120815; ; ,9.0,https://movie.douban.com/subject/1292849/
No.70,小鞋子 بچههای آسمان,(1997),; 导演:马基德·马基迪; 编剧:马基德·马基迪; 主演:法拉赫阿米尔·哈什米安/默罕默德·阿米尔·纳吉/巴哈丽·西迪奇/纳菲丝·贾法-穆罕默迪/费雷什特·萨拉班迪/KamalMirkarimi/BehzadRafi/DariushMokhtari/Mohammad-HasanHosseinian/MasumeDair/克里斯托弗·马利基; 类型:剧情/家庭/儿童; 官方网站:http://www.cinemajidi.com/children/; 制片国家/地区:伊朗; 语言:波斯语; 上映日期:1997-02(伊朗)/1999-01-22(美国); 片长:89分钟; 又名:天堂的孩子/小童鞋/ChildrenofHeaven/Bacheha-Yeaseman; IMDb链接:tt0118849; ; ,9.2,https://movie.douban.com/subject/1303021/
No.71,海蒂和爷爷 Heidi,(2015),; 导演:阿兰·葛斯彭纳; 编剧:约翰娜·施皮里/佩特拉·比翁迪娜·沃尔普; 主演:阿努克·斯特芬/布鲁诺·冈茨/昆林·艾格匹/安娜·申茨/伊莎贝尔·奥特曼/莉莲·奈福/彼得·杰克林/克里斯托夫·高格勒/丽贝卡·因德穆/莫妮卡·古布瑟/阿瑟·比勒/玛丽埃塔·耶米/彼得·洛迈尔/卡塔琳娜·舒特勒/杰拉·哈斯/迈克尔·克兰茨/劳拉·帕克/马库斯·赫林/马克西姆·梅米特/汉内洛勒·霍格; 类型:剧情/家庭/冒险; 官方网站:www.zodiacpictures.com/de/projekte/heidi; 制片国家/地区:德国/瑞士/南非; 语言:德语/瑞士德语/南非语; 上映日期:2019-05-16(中国大陆)/2015-12-10(德国); 片长:111分钟; 又名:飘零燕(港)/海蒂/阿尔卑斯山少女海蒂; IMDb链接:tt3700392; ; ,9.2,https://movie.douban.com/subject/25958717/
No.72,穿条纹睡衣的男孩 The Boy in the Striped Pajamas,(2008),; 导演:马克·赫尔曼; 编剧:约翰·伯恩/马克·赫尔曼; 主演:阿萨·巴特菲尔德/维拉·法米加/卡拉·霍根/祖萨·霍尔/安贝尔·比蒂/拉斯洛·阿隆/大卫·休里斯/理查德·约翰逊/谢拉·汉考克/伊凡·弗雷贝利/贝拉·费斯彼姆/阿提拉·埃杰德/鲁伯特·弗兰德/大卫·海曼/吉姆·诺顿/杰克·塞隆/米哈利·绍鲍多什/泽索特·萨法尔·科夫卡/奥索利亚·茱莉娅·帕普; 类型:剧情/战争; ; 制片国家/地区:英国/美国; 语言:英语/西班牙语; 上映日期:2008-09-12(英国)/2008-11-07(美国); 片长:94分钟; 又名:穿条纹衣服的男孩/穿条纹衣的男孩; IMDb链接:tt0914798; ; ,9.1,https://movie.douban.com/subject/3008247/
No.73,情书 Love Letter,(1995),; 导演:岩井俊二; 编剧:岩井俊二; 主演:中山美穗/丰川悦司/酒井美纪/柏原崇/范文雀/篠原胜之/铃木庆一/田口智朗/加贺麻理子/光石研/铃木兰兰/盐见三省/中村久美/梅田凡乃/长田江身子/小栗香织/神户浩/酒井敏也/山口诗史/山崎一/德井优/武藤寿美; 类型:剧情/爱情; ; 制片国家/地区:日本; 语言:日语; 上映日期:1999-03(中国大陆)/1995-03-25(日本); 片长:117分钟; 又名:WhenICloseMyEyes/LettersofLove; IMDb链接:tt0113703; ; ,8.9,https://movie.douban.com/subject/1292220/
No.74,海豚湾 The Cove,(2009),; 导演:路易·西霍尤斯; 编剧:马克·蒙雷; 主演:RichardO'Barry/路易·西霍尤斯/HardyJones/MichaelIlliff/JojiMorishita/IanCampbell/PaulWatson/DougDeMaster/DaveRastovich/CharlesHambleton/HayatoSakurai/Mandy-RaeCruikshank/KirkKrack/伊莎贝尔·卢卡斯/海顿·潘妮蒂尔; 类型:纪录片; 官方网站:www.thecovemovie.com; 制片国家/地区:美国; 语言:英语/日语; 上映日期:2009-07-31(美国); 片长:92分钟; 又名:血色海湾(台)/海湾/海湾屠场/海湾峡谷/TheRising; IMDb链接:tt1313104; ; ,9.3,https://movie.douban.com/subject/3442220/
No.75,音乐之声 The Sound of Music,(1965),; 导演:罗伯特·怀斯; 编剧:乔治·胡达勒克/霍华德·林赛/拉塞尔·克劳斯/恩斯特·莱赫曼/MariavonTrapp; 主演:朱莉·安德鲁斯/克里斯托弗·普卢默/埃琳诺·帕克/理查德·海顿/佩吉·伍德/查尔敏·卡尔/希瑟·孟席斯-尤里克/尼古拉斯·哈蒙德/杜安·蔡斯/安吉拉·卡特怀特/黛比·特纳/基姆·卡拉思/安娜·李/波希娅·纳尔逊/本·怀特/丹尼尔·特鲁希特/诺玛·威登/吉尔克里斯特·斯图尔特/马妮·尼克松/埃瓦德妮·贝克/多丽丝·劳埃德/格特鲁德·阿斯特/弗兰克·贝克/SteveCarruthers/山姆·哈里斯/DorothyJeakins/LeodaRichards/杰弗里·塞尔/BernardSell/NormanStevans/伯特史蒂文斯/MariavonTrapp; 类型:剧情/爱情/歌舞/传记; ; 制片国家/地区:美国; 语言:英语/德语; 上映日期:1965-03-02(美国); 片长:174分钟; 又名:仙乐飘飘处处闻(港)/真善美(台)/一个叛逆修女的故事; IMDb链接:tt0059742; ; ,9.0,https://movie.douban.com/subject/1294408/
No.76,美国往事 Once Upon a Time in America,(1984),; 导演:赛尔乔·莱昂内; 编剧:皮耶罗·德·贝纳迪/莱奥纳多·本韦努蒂/弗兰科·奥卡利/恩里科·梅迪欧力/弗兰科·费里尼/赛尔乔·莱昂内; 主演:罗伯特·德尼罗/詹姆斯·伍兹/伊丽莎白·麦戈文/乔·佩西/波特·杨/塔斯黛·韦尔德/特里特·威廉斯/丹尼·爱罗/理查德·布赖特/詹姆斯·海登/威廉·弗西斯/达兰妮·弗鲁格/拉里·拉普/理查德·弗让吉/罗伯特·哈珀/詹妮弗·康纳利; 类型:剧情/犯罪; ; 制片国家/地区:美国/意大利; 语言:英语/法语/意大利语; 上映日期:1984-02-17(波士顿首映)/1984-09-28(意大利); 片长:229分钟(导演剪辑版)/251分钟(导演剪辑加长版); 又名:四海兄弟(台)/义薄云天(港); IMDb链接:tt0087843; ; ,9.2,https://movie.douban.com/subject/1292262/
No.77,致命魔术 The Prestige,(2006),; 导演:克里斯托弗·诺兰; 编剧:乔纳森·诺兰/克里斯托弗·诺兰/克里斯托弗·普瑞丝特; 主演:休·杰克曼/克里斯蒂安·贝尔/迈克尔·凯恩/丽贝卡·豪尔/斯嘉丽·约翰逊/大卫·鲍伊/安迪·瑟金斯/派珀·佩拉博/萨曼塔·马霍林/丹尼尔·戴维斯/吉姆·皮多克/克里斯托弗·尼姆/马克·瑞安/罗杰·里斯/杰米·哈里斯/罗恩·帕金斯/瑞奇·杰/安东尼·德·马克/冀朝理; 类型:剧情/悬疑/惊悚; ; 制片国家/地区:英国/美国; 语言:英语; 上映日期:2006-10-17(罗马电影节)/2006-10-20(美国); 片长:130分钟; 又名:顶尖对决(台)/死亡魔法(港)/魔高一丈/魔道争锋; IMDb链接:tt0482571; ; ,8.9,https://movie.douban.com/subject/1780330/
No.78,低俗小说 Pulp Fiction,(1994),; 导演:昆汀·塔伦蒂诺; 编剧:昆汀·塔伦蒂诺/罗杰·阿夫瑞; 主演:约翰·特拉沃尔塔/乌玛·瑟曼/阿曼达·普拉莫/蒂姆·罗斯/塞缪尔·杰克逊/菲尔·拉马/布鲁斯·威利斯/弗兰克·威利/布尔·斯蒂尔斯/文·瑞姆斯/劳拉·拉芙蕾丝/保罗·考尔德伦/布罗娜·加拉赫/罗姗娜·阿奎特/埃里克·斯托尔兹/玛丽亚·德·梅黛洛; 类型:剧情/喜剧/犯罪; ; 制片国家/地区:美国; 语言:英语/西班牙语/法语; 上映日期:1994-05-12(戛纳电影节)/1994-10-14(美国); 片长:154分钟; 又名:危险人物(港)/黑色追缉令(台)/黑色追击令/低级趣味小说; IMDb链接:tt0110912; ; ,8.9,https://movie.douban.com/subject/1291832/
No.79,七宗罪 Se7en,(1995),; 导演:大卫·芬奇; 编剧:安德鲁·凯文·沃克; 主演:摩根·弗里曼/布拉德·皮特/凯文·史派西/格温妮斯·帕特洛/安德鲁·凯文·沃克/约翰·卡西尼/雷格·E·凯蒂/李·厄米; 类型:剧情/悬疑/惊悚/犯罪; ; 制片国家/地区:美国; 语言:英语/葡萄牙语; 上映日期:1995-09-22(美国); 片长:127分钟; 又名:火线追缉令(台)/7宗罪/Seven; IMDb链接:tt0114369; ; ,8.8,https://movie.douban.com/subject/1292223/
No.80,沉默的羔羊 The Silence of the Lambs,(1991),; 导演:乔纳森·戴米; 编剧:托马斯·哈里斯/泰德·塔里; 主演:朱迪·福斯特/安东尼·霍普金斯/斯科特·格伦/安东尼·希尔德/布鲁克·史密斯/卡斯·莱蒙斯/弗兰基·费森/泰德·拉文/崔西·沃特/丹·巴特勒/达拉; 类型:剧情/惊悚/犯罪; ; 制片国家/地区:美国; 语言:英语; 上映日期:1991-02-14(美国); 片长:118分钟; ; IMDb链接:tt0102926; ; ,8.8,https://movie.douban.com/subject/1293544/
No.81,蝴蝶效应 The Butterfly Effect,(2004),; 导演:埃里克·布雷斯/J·麦基·格鲁伯; 编剧:J·麦基·格鲁伯/埃里克·布雷斯; 主演:阿什顿·库彻/梅洛拉·沃尔特斯/艾米·斯马特/埃尔登·汉森/威廉姆·李·斯科特/约翰·帕特里克·阿梅多利/艾琳·戈洛瓦娅/凯文·G·施密特/杰西·詹姆斯/罗根·勒曼/莎拉·威多斯/杰克·凯斯/卡梅隆·布莱特/埃里克·斯托尔兹/考乐姆·吉斯·雷尼/凯文·杜兰; 类型:剧情/科幻/悬疑/惊悚; ; 制片国家/地区:美国/加拿大; 语言:英语; 上映日期:2004-01-23(美国); 片长:113分钟/120分钟(导演剪辑版); ; IMDb链接:tt0289879; ; ,8.8,https://movie.douban.com/subject/1292343/
No.82,禁闭岛 Shutter Island,(2010),; 导演:马丁·斯科塞斯; 编剧:莱塔·卡罗格里迪斯/丹尼斯·勒翰; 主演:莱昂纳多·迪卡普里奥/马克·鲁弗洛/本·金斯利/马克斯·冯·叙多夫/米歇尔·威廉姆斯/艾米莉·莫迪默/派翠西娅·克拉克森/杰基·厄尔·哈利/泰德·拉文/约翰·卡洛·林奇/伊莱亚斯·科泰斯/罗宾·巴特利特/克里斯托弗·邓汉/约瑟夫·斯科拉; 类型:剧情/悬疑/惊悚; ; 制片国家/地区:美国; 语言:英语/德语; 上映日期:2010-02-13(柏林电影节)/2010-02-19(美国); 片长:138分钟; 又名:不赦岛(港)/隔离岛(台)/孤岛疑云/荒岛追凶/孤岛恐慌/关门岛/孤岛/艾什克里夫; IMDb链接:tt1130884; ; ,8.8,https://movie.douban.com/subject/2334904/
No.83,心灵捕手 Good Will Hunting,(1997),; 导演:格斯·范·桑特; 编剧:本·阿弗莱克/马特·达蒙; 主演:马特·达蒙/罗宾·威廉姆斯/本·阿弗莱克/斯特兰·斯卡斯加德/明妮·德里弗/卡西·阿弗莱克/科尔·豪瑟/约翰·迈顿/丹·华盛顿/艾莉森·福兰德/维克·萨海/史蒂文·科兹洛夫斯基/斯科特·威廉姆·文特斯/吉米·弗林/乔治·普林普顿/弗朗切斯科·克莱门特; 类型:剧情; ; 制片国家/地区:美国; 语言:英语; 上映日期:1997-12-05(美国); 片长:126分钟; 又名:骄阳似我(港); IMDb链接:tt0119217; ; ,8.9,https://movie.douban.com/subject/1292656/
No.84,春光乍泄 春光乍洩,(1997),; 导演:王家卫; 编剧:王家卫; 主演:张国荣/梁朝伟/张震/格利高里·戴顿; 类型:剧情/爱情/同性; ; 制片国家/地区:中国香港/日本/韩国; 语言:粤语/汉语普通话/西班牙语; 上映日期:1997-05-30(中国香港)/1997-05-17(戛纳电影节); 片长:96分钟; 又名:一起快乐/HappyTogether; IMDb链接:tt0118845; ; ,8.9,https://movie.douban.com/subject/1292679/
No.85,布达佩斯大饭店 The Grand Budapest Hotel,(2014),; 导演:韦斯·安德森; 编剧:韦斯·安德森/雨果·吉尼斯/斯蒂芬·茨威格; 主演:拉尔夫·费因斯/托尼·雷沃罗利/艾德里安·布洛迪/威廉·达福/裘德·洛/爱德华·诺顿/西尔莎·罗南/蒂尔达·斯文顿/比尔·默瑞/蕾雅·赛杜/欧文·威尔逊/詹森·舒瓦兹曼/马修·阿马立克/F·默里·亚伯拉罕/汤姆·威尔金森/杰夫·高布伦/哈威·凯特尔; 类型:剧情/喜剧/冒险; 官方网站:www.grandbudapesthotel.com; 制片国家/地区:美国/德国/英国; 语言:英语/法语/德语; 上映日期:2014-02-06(柏林电影节)/2014-03-28(美国); 片长:99分钟; 又名:布达佩斯大酒店(港)/欢迎来到布达佩斯大饭店(台); IMDb链接:tt2278388; ; ,8.8,https://movie.douban.com/subject/11525673/
No.86,被嫌弃的松子的一生 嫌われ松子の一生,(2006),; 导演:中岛哲也; 编剧:中岛哲也/山田宗树; 主演:中谷美纪/永山瑛太/香川照之/市川实日子/伊势谷友介/柄本明/黑泽明日香/荒川良良/柴崎幸/土屋安娜/奥之矢佳奈/谷原章介/武田真治/片平渚/宫藤官九郎/角野卓造/田中要次/木村凯拉/谷中敦/剧团一人; 类型:剧情/歌舞; ; 制片国家/地区:日本; 语言:日语; 上映日期:2006-05-27(日本); 片长:130分钟; 又名:花样奇缘(港)/令人讨厌的松子的一生(台)/松子被嫌弃的一生/松子的悲惨人生/KirawareMatsukonoisshô/MemoriesofMatsuko; IMDb链接:tt0768120; ; ,8.9,https://movie.douban.com/subject/1787291/
No.87,阿凡达 Avatar,(2009),; 导演:詹姆斯·卡梅隆; 编剧:詹姆斯·卡梅隆; 主演:萨姆·沃辛顿/佐伊·索尔达娜/西格妮·韦弗/史蒂芬·朗/米歇尔·罗德里格兹/吉奥瓦尼·瑞比西/乔·大卫·摩尔/希·庞德/韦斯·斯塔迪/拉兹·阿隆索/迪利普·劳/马特·杰拉德/肖恩·安东尼·莫兰; 类型:动作/科幻/冒险; 官方网站:www.avatarmovie.com; 制片国家/地区:美国/英国; 语言:英语/西班牙语; 上映日期:2010-01-04(中国大陆)/2009-12-18(美国); 片长:162分钟/178分钟(加长版); 又名:天神下凡(港)/化身/异次元战神/神之化身; IMDb链接:tt0499549; ; ,8.7,https://movie.douban.com/subject/1652587/
No.88,摩登时代 Modern Times,(1936),; 导演:查理·卓别林; 编剧:查理·卓别林; 主演:查理·卓别林/宝莲·高黛/亨利·伯格曼/蒂尼·桑福德/切斯特·康克林/汉克·曼/斯坦利·布莱斯通/阿尔·欧内斯特·加西亚/理查德·亚历山大/塞西尔·雷诺兹/米拉·麦金尼/默多克·麦夸里/威尔弗雷德·卢卡斯/爱德华·勒桑/弗雷德·马拉泰斯塔/萨米·斯坦/特德·奥利弗/诺曼·安斯利/博比·巴伯/海尼·康克林/格洛丽亚·德黑文/帕特·弗莱厄蒂/弗兰克·哈格尼/帕特·哈蒙/劳埃德·英格拉哈姆/沃尔特·詹姆斯/爱德华·金博尔/杰克·洛/巴迪·梅辛杰/布鲁斯·米切尔/弗兰克·莫兰/詹姆斯·C·莫顿/路易·纳托/J·C·纽金特/拉斯·鲍威尔/约翰兰德/哈里·威尔逊; 类型:剧情/喜剧/爱情; ; 制片国家/地区:美国; 语言:英语; 上映日期:1936-02-25(美国); 片长:87分钟; 又名:TheMasses/LesTempsmodernes; IMDb链接:tt0027977; ; ,9.3,https://movie.douban.com/subject/1294371/
No.89,剪刀手爱德华 Edward Scissorhands,(1990),; 导演:蒂姆·波顿; 编剧:蒂姆·波顿/卡罗琳·汤普森; 主演:约翰尼·德普/薇诺娜·瑞德/黛安·韦斯特/安东尼·迈克尔·豪尔/凯西·贝克/罗伯特·奥利维里/康查塔·费雷尔/卡罗琳·阿隆/迪克·安东尼·威廉姆斯/澳澜·琼斯/文森特·普莱斯/艾伦·阿金/苏珊·布洛马特/约翰·戴维森/布莱恩·拉肯/VictoriaPrice/StuartLancaster/GinaGallagher/阿隆·鲁斯汀/阿兰·弗吉/史蒂文·布里尔/PeterPalmer/马克·麦考利/唐娜·派洛尼/KenDeVaul/KathyDombo/TabethaThomas/尼克·卡特; 类型:剧情/爱情/奇幻; ; 制片国家/地区:美国; 语言:英语; 上映日期:1990-12-06(美国); 片长:105分钟; 又名:幻海奇缘(港); IMDb链接:tt0099487; ; ,8.7,https://movie.douban.com/subject/1292370/
No.90,勇敢的心 Braveheart,(1995),; 导演:梅尔·吉布森; 编剧:兰道尔·华莱士; 主演:梅尔·吉布森/苏菲·玛索/布莱恩·考克斯/詹姆斯·科兹莫/辛·劳洛/凯瑟琳·麦克马克/安古斯·麦克菲登; 类型:剧情/动作/传记/历史/战争; ; 制片国家/地区:美国; 语言:英语/法语/拉丁语/苏格兰盖尔语; 上映日期:1995-05-18(西雅图电影节)/1995-05-24(美国); 片长:178分钟; 又名:惊世未了缘(港)/梅尔吉勃逊之英雄本色(台); IMDb链接:tt0112573; ; ,8.9,https://movie.douban.com/subject/1294639/
No.91,喜剧之王 喜劇之王,(1999),; 导演:周星驰/李力持; 编剧:曾瑾昌/周星驰/李敏/郑文辉/冯勉恒/梁嘉杰; 主演:周星驰/张柏芝/莫文蔚/吴孟达/林子善/田启文/李兆基/成龙/李思捷/郑文辉; 类型:剧情/喜剧/爱情; ; 制片国家/地区:中国香港; 语言:粤语; 上映日期:1999-02-13(中国香港); 片长:89分钟; 又名:KingofComedy; IMDb链接:tt0188766; ; ,8.7,https://movie.douban.com/subject/1302425/
No.92,致命ID Identity,(2003),; 导演:詹姆斯·曼高德; 编剧:迈克尔·库尼; 主演:约翰·库萨克/雷·利奥塔/阿曼达·皮特/约翰·浩克斯/阿尔弗雷德·莫里纳/克里·杜瓦尔/约翰·C·麦金雷/威廉姆·李·斯科特/杰克·布塞/普路特·泰勒·文斯/瑞贝卡·德·莫妮/卡门·阿尔根齐亚诺/马绍尔·贝尔/莱拉·肯泽尔/马特·莱斯切尔/布莱特·罗尔/霍尔姆斯·奥斯本/弗雷德里克·科芬/乔·哈特/迈克尔·赫希/泰伦斯·伯尼·海恩斯; 类型:剧情/悬疑/惊悚; ; 制片国家/地区:美国; 语言:英语; 上映日期:2003-04-25(美国); 片长:90分钟; 又名:杀人游戏/致命身份; IMDb链接:tt0309698; ; ,8.8,https://movie.douban.com/subject/1297192/
No.93,加勒比海盗 Pirates of the Caribbean: The Curse of the Black Pearl,(2003),; 导演:戈尔·维宾斯基; 编剧:泰德·艾略特/特里·鲁西奥/斯图尔特·贝亚蒂耶/杰·沃尔伯特; 主演:约翰尼·德普/杰弗里·拉什/奥兰多·布鲁姆/凯拉·奈特莉/杰克·达文波特/乔纳森·普雷斯; 类型:动作/奇幻/冒险; ; 制片国家/地区:美国; 语言:英语; 上映日期:2003-11-21(中国大陆)/2003-07-09(美国); 片长:143分钟; 又名:加勒比海盗1：黑珍珠号的诅咒/神鬼奇航：鬼盗船魔咒(台)/魔盗王：决战鬼盗船/海盗船; IMDb链接:tt0325980; ; ,8.8,https://movie.douban.com/subject/1298070/
No.94,天使爱美丽 Le fabuleux destin d'Amélie Poulain,(2001),; 导演:让-皮埃尔·热内; 编剧:纪尧姆·洛朗/让-皮埃尔·热内; 主演:奥黛丽·塔图/马修·卡索维茨/吕菲斯/洛莱拉·克拉沃塔/塞尔日·梅兰/贾梅尔·杜布兹/克洛蒂尔德·莫勒/克莱尔·莫里耶/伊莎贝尔·南蒂/多米尼克·皮侬/阿尔蒂斯·德·彭居埃恩/友兰达·梦露/于尔班·康塞利埃/莫里斯·贝尼舒/米歇尔·罗班/安德烈·达芒/克洛德·佩隆/阿尔梅尔/迪基·奥尔加多/KevinFernandes/弗洛拉·吉耶/阿莫里·巴博尔/欧仁·贝蒂埃/让·达里/马克·阿米约; 类型:喜剧/爱情; ; 制片国家/地区:法国/德国; 语言:法语/俄语; 上映日期:2001-04-25(法国)/2001-08-16(德国); 片长:122分钟; 又名:艾蜜莉的异想世界(台)/天使艾米莉/天使艾美丽/阿梅丽的奇妙命运/艾蜜丽/Amelie; IMDb链接:tt0211915; ; ,8.7,https://movie.douban.com/subject/1292215/
No.95,哈利·波特与死亡圣器(下) Harry Potter and the Deathly Hallows: Part 2,(2011),; 导演:大卫·叶茨; 编剧:史蒂夫·克洛夫斯/J·K·罗琳; 主演:丹尼尔·雷德克里夫/艾玛·沃森/鲁伯特·格林特/海伦娜·伯翰·卡特/拉尔夫·费因斯/艾伦·瑞克曼/玛吉·史密斯/汤姆·费尔顿/邦妮·怀特/朱丽·沃特斯/迈克尔·刚本/伊文娜·林奇/多姆纳尔·格里森/克蕾曼丝·波西/詹森·艾萨克/海伦·麦克洛瑞/马修·刘易斯/梁佩诗/约翰·赫特/大卫·休里斯/加里·奥德曼/吉姆·布劳德本特/艾玛·汤普森/娜塔丽·特纳/蒂莫西·斯波/大卫·布拉德利/罗彼·考特拉尼/凯莉·麦克唐纳/塞伦·希德; 类型:奇幻/冒险; ; 制片国家/地区:美国/英国; 语言:英语; 上映日期:2011-08-04(中国大陆)/2011-07-15(美国); 片长:130分钟; 又名:哈利波特7：死神的圣物2(港/台)/哈利·波特与死圣(下)/哈7(下)/哈利·波特大结局; IMDb链接:tt1201607; ; 官方小站:; 哈利·波特与死亡圣器; ,8.8,https://movie.douban.com/subject/3011235/
No.96,杀人回忆 살인의 추억,(2003),; 导演:奉俊昊; 编剧:奉俊昊/金光林/沈成宝; 主演:宋康昊/金相庆/金雷夏/宋在浩/边熙峰/高瑞熙/柳泰浩/朴努植/朴海日/全美善/徐永嬅/崔钟律/刘承睦/申贤宗/李在应/郑仁仙/吴龙/朴真宇/朴泰京/沈成宝; 类型:剧情/动作/悬疑/惊悚/犯罪; ; 制片国家/地区:韩国; 语言:韩语/英语; 上映日期:2003-05-02(韩国); 片长:132分钟; 又名:谋杀回忆/杀手回忆录/Salinuichueok/MemoriesofMurder; IMDb链接:tt0353969; ; ,8.8,https://movie.douban.com/subject/1300299/
No.97,断背山 Brokeback Mountain,(2005),; 导演:李安; 编剧:拉里·麦克穆特瑞/黛安娜·奥撒纳/安妮·普鲁; 主演:希斯·莱杰/杰克·吉伦哈尔/米歇尔·威廉姆斯/安妮·海瑟薇/凯特·玛拉/兰迪·奎德/琳达·卡德里尼/安娜·法瑞丝/格拉汉姆·贝克尔/斯科特·迈克尔·坎贝尔/大卫·哈伯/罗伯塔·马克斯韦尔/皮特·麦克罗比/夏恩·希尔/布鲁克琳·普劳克斯/杰克·丘奇; 类型:剧情/爱情/同性/家庭; 官方网站:www.brokebackmountain.com; 制片国家/地区:美国/加拿大; 语言:英语; 上映日期:2005-09-02(威尼斯电影节)/2006-01-06(加拿大)/2006-01-13(美国); 片长:134分钟; 又名:断臂山/BBM; IMDb链接:tt0388795; ; ,8.8,https://movie.douban.com/subject/1418834/
No.98,狩猎 Jagten,(2012),; 导演:托马斯·温特伯格; 编剧:托马斯·温特伯格/托比亚斯·林道赫姆; 主演:麦斯·米科尔森/托玛斯·博·拉森/安妮卡·韦德科普/拉丝·弗格斯托姆/苏西·沃德/安妮·路易丝·哈辛/拉斯·兰特/亚历山德拉·拉帕波特; 类型:剧情; ; 制片国家/地区:丹麦/瑞典; 语言:丹麦语/英语/波兰语; 上映日期:2012-05-20(戛纳电影节)/2013-01-10(丹麦); 片长:115分钟; 又名:诬网(港)/谎言的烙印(台)/捕猎/TheHunt; IMDb链接:tt2106476; ; ,9.1,https://movie.douban.com/subject/6985810/
No.99,请以你的名字呼唤我 Call Me by Your Name,(2017),; 导演:卢卡·瓜达尼诺; 编剧:詹姆斯·伊沃里/安德列·艾席蒙; 主演:艾米·汉莫/蒂莫西·柴勒梅德/迈克尔·斯图巴/阿蜜拉·卡萨/艾斯特·加瑞尔/维克图瓦尔·杜布瓦/旺妲·卡布里奥罗/安东尼奥·里莫尔迪/埃琳娜·布奇/马可·斯格罗索/安德列·艾席蒙/彼得·斯皮尔斯; 类型:剧情/爱情/同性; ; 制片国家/地区:意大利/法国/巴西/美国/荷兰/德国; 语言:英语/意大利语/法语/德语/希伯来语; 上映日期:2017-01-22(圣丹斯电影节)/2017-11-24(美国); 片长:132分钟; 又名:以你的名字呼唤我(港/台)/以你的名义呼唤我/唤吾汝名/CMBYN/Chiamamicoltuonome; IMDb链接:tt5726616; ; ,8.9,https://movie.douban.com/subject/26799731/
No.100,幽灵公主 もののけ姫,(1997),; 导演:宫崎骏; 编剧:宫崎骏; 主演:松田洋治/石田百合子/田中裕子/小林薰/西村雅彦/上条恒彦/岛本须美/渡边哲/佐藤允/名古屋章/美轮明宏/森光子/森繁久弥; 类型:动画/奇幻/冒险; ; 制片国家/地区:日本; 语言:日语; 上映日期:1997-07-12(日本); 片长:134分钟; 又名:魔法公主(台)/幽灵少女/物之怪姬/Mononoke-hime/PrincessMononoke; IMDb链接:tt0119698; ; ,8.9,https://movie.douban.com/subject/1297359/
No.101,阳光灿烂的日子,(1994),; 导演:姜文; 编剧:姜文/王朔; 主演:夏雨/宁静/陶虹/耿乐/斯琴高娃/冯小刚/刘小宁/姜文/王学圻/王朔/尚楠/方化/代少波/王海/姚二嘎/吴淑昆/左小青/韩冬/孙靖/刘斌/张维/杨彤林/王海/王福/胡贝贝/高保成/吴淑琨/张华/二勇/烈子/陈伟; 类型:剧情/爱情; ; 制片国家/地区:中国大陆/中国香港; 语言:汉语普通话; 上映日期:1995-06-28(中国香港)/1995-08-21(中国大陆)/1994-09-09(威尼斯电影节); 片长:134分钟(中国大陆)/138分钟(威尼斯电影节)/128分钟(DVD版)/140分钟(修复版)/225分钟(初剪版); 又名:IntheHeatoftheSun; IMDb链接:tt0111786; ; ,8.8,https://movie.douban.com/subject/1291875/
No.102,小森林 夏秋篇 リトル・フォレスト 夏・秋,(2014),; 导演:森淳一; 编剧:森淳一/五十岚大介; 主演:桥本爱/三浦贵大/松冈茉优/温水洋一/桐岛加恋; 类型:剧情; ; 制片国家/地区:日本; 语言:日语; 上映日期:2014-08-30(日本); 片长:111分钟; 又名:小森食光/夏秋篇(台)/LittleForestSummer&Autumn; IMDb链接:tt3474600; ; ,9.0,https://movie.douban.com/subject/25814705/
No.103,7号房的礼物 7번방의 선물,(2013),; 导演:李焕庆; 编剧:李焕庆/刘英雅; 主演:柳承龙/朴信惠/郑镇荣/金正泰/吴达洙/朴元尚/郑满植/葛素媛; 类型:剧情/喜剧/家庭; 官方网站:www.7gift.kr; 制片国家/地区:韩国; 语言:韩语; 上映日期:2013-01-23(韩国); 片长:127分钟; 又名:戆爸的礼物(港)/7号囚房的礼物/12月23日/GiftFromRoom/FindMiracleinCellNo.7/MiracleInCellNo.7; IMDb链接:tt2659414; ; ,8.9,https://movie.douban.com/subject/10777687/
No.104,重庆森林 重慶森林,(1994),; 导演:王家卫; 编剧:王家卫; 主演:林青霞/金城武/梁朝伟/王菲/周嘉玲; 类型:剧情/爱情; ; 制片国家/地区:中国香港; 语言:粤语/汉语普通话/英语/印地语/日语; 上映日期:1994-07-14(中国香港); 片长:102分钟/111分钟(台湾版DVD); 又名:ChungkingExpress; IMDb链接:tt0109424; ; ,8.7,https://movie.douban.com/subject/1291999/
No.105,第六感 The Sixth Sense,(1999),; 导演:M·奈特·沙马兰; 编剧:M·奈特·沙马兰; 主演:布鲁斯·威利斯/海利·乔·奥斯蒙/托妮·科莱特/奥莉维亚·威廉姆斯/唐尼·沃尔伯格/特拉沃·摩根/彼得·安东尼·唐伯蒂斯/格伦·菲茨杰拉德/米莎·巴顿/LisaSummerour/法尔德斯·巴姆/杰弗里·泽布尼斯; 类型:剧情/悬疑/惊悚; ; 制片国家/地区:美国; 语言:英语/拉丁语/西班牙语; 上映日期:1999-08-06(美国); 片长:107分钟; 又名:鬼眼(港)/灵异第六感(台); IMDb链接:tt0167404; ; ,8.9,https://movie.douban.com/subject/1297630/
No.106,入殓师 おくりびと,(2008),; 导演:泷田洋二郎; 编剧:小山薰堂; 主演:本木雅弘/广末凉子/山崎努/吉行和子/笹野高史/余贵美子; 类型:剧情; ; 制片国家/地区:日本; 语言:日语; 上映日期:2008-09-13(日本); 片长:130分钟; 又名:礼仪师之奏鸣曲(港)/礼仪师(台)/送行者-礼仪师的乐章(台)/为逝者送行的人/纳棺师/Departures/Okuribito; IMDb链接:tt1069238; ; ,8.8,https://movie.douban.com/subject/2149806/
No.107,红辣椒 パプリカ,(2006),; 导演:今敏; 编剧:水上清资/今敏/筒井康隆; 主演:林原惠美/江守彻/堀胜之祐/古谷彻/大塚明夫/山寺宏一/田中秀幸/兴梠里美/岩田光央/爱河里花子/川濑晶子/太田真一郎/福松进纱/胜杏里/宫下荣治/三户耕三/今敏/筒井康隆; 类型:科幻/动画/悬疑/惊悚; ; 制片国家/地区:日本; 语言:日语; 上映日期:2006-09-02(威尼斯电影节)/2006-11-25(日本); 片长:90分钟; 又名:盗梦侦探(港/台)/帕布莉卡/Paprika; IMDb链接:tt0851578; ; ,9.0,https://movie.douban.com/subject/1865703/
No.108,小森林 冬春篇 リトル・フォレスト 冬・春,(2015),; 导演:森淳一; 编剧:森淳一/五十岚大介; 主演:桥本爱/三浦贵大/松冈茉优/温水洋一/桐岛加恋; 类型:剧情; ; 制片国家/地区:日本; 语言:日语; 上映日期:2015-02-14(日本); 片长:120分钟; 又名:小森食光/冬春篇(台)/LittleForest:Winter&Spring; IMDb链接:tt3474602; ; ,9.0,https://movie.douban.com/subject/25814707/
No.109,消失的爱人 Gone Girl,(2014),; 导演:大卫·芬奇; 编剧:吉莉安·弗琳; 主演:本·阿弗莱克/裴淳华/尼尔·帕特里克·哈里斯/凯莉·库恩/泰勒·派瑞/金·迪肯斯/米西·派勒/波伊德·霍布鲁克/艾米丽·拉塔科斯基/雪拉·渥德/派屈克·福吉特/斯科特·麦克纳里/凯西·威尔逊/李·诺里斯; 类型:剧情/悬疑/惊悚/犯罪; ; 制片国家/地区:美国; 语言:英语; 上映日期:2014-09-26(纽约电影节)/2014-10-03(美国); 片长:149分钟; 又名:失踪的女孩/失踪女孩/失踪罪(港)/控制(台); IMDb链接:tt2267998; ; ,8.7,https://movie.douban.com/subject/21318488/
No.110,爱在黎明破晓前 Before Sunrise,(1995),; 导演:理查德·林克莱特; 编剧:理查德·林克莱特/金·克里桑; 主演:伊桑·霍克/朱莉·德尔佩/安德莉亚·埃克特/汉诺·波西尔/KarlBruckschwaiger/TexRubinowitz/埃尔尼·曼戈尔德/DominikCastell/HaymonMariaButtinger/HaraldWaiglein/汉斯·魏因加特纳/PeterIlyHuemer/HubertFabianKulterer/约翰·斯洛斯/ChristianAnkowitsch/亚当·戈德堡/PaulPoet; 类型:剧情/爱情; ; 制片国家/地区:美国/奥地利/瑞士; 语言:英语/德语/法语; 上映日期:1995-01-27(美国); 片长:101分钟; 又名:情留半天(港)/爱在黎明破晓时(台)/日出之前; IMDb链接:tt0112471; ; ,8.8,https://movie.douban.com/subject/1296339/
No.111,一一,(2000),; 导演:杨德昌; 编剧:杨德昌; 主演:吴念真/李凯莉/金燕玲/张洋洋/萧淑慎/尾形一成/陈希圣/林孟瑾/陈以文/柯宇纶/张育邦/柯素云/唐如韫/徐淑媛/曾心怡/陶传正; 类型:剧情/爱情/家庭; ; 制片国家/地区:中国台湾/日本; 语言:汉语普通话/闽南语/英语/日语; 上映日期:2017-07-28(中国台湾)/2000-05-14(戛纳电影节)/2000-12-16(日本); 片长:173分钟; 又名:Yiyi/Yiyi:AOneandaTwo; IMDb链接:tt0244316; ; ,9.0,https://movie.douban.com/subject/1292434/
No.112,唐伯虎点秋香 唐伯虎點秋香,(1993),; 导演:李力持; 编剧:李力持/谷德昭/陈文强; 主演:周星驰/巩俐/陈百祥/郑佩佩/朱咪咪/梁家仁/苑琼丹/梁荣忠/黄一山/黄霑/吴镇宇/刘家辉/蓝洁瑛/谷德昭/陈辉虹/李健仁/宣萱/温翠苹; 类型:喜剧/爱情/古装; ; 制片国家/地区:中国香港; 语言:粤语; 上映日期:1993-07-01(中国香港); 片长:102分钟; 又名:FlirtingScholar; IMDb链接:tt0108289; ; ,8.6,https://movie.douban.com/subject/1306249/
No.113,侧耳倾听 耳をすませば,(1995),; 导演:近藤喜文; 编剧:宫崎骏/柊葵; 主演:本名阳子/小林桂树/高山南/高桥一生/山下容莉枝/室井滋/露口茂/饭冢雅弓; 类型:剧情/爱情/动画; ; 制片国家/地区:日本; 语言:日语/英语; 上映日期:1995-07-15(日本); 片长:111分钟; 又名:心之谷(台)/梦幻街少女(港)/WhisperoftheHeart/Mimiwosumaseba; IMDb链接:tt0113824; ; ,8.9,https://movie.douban.com/subject/1297052/
No.114,超脱 Detachment,(2011),; 导演:托尼·凯耶; 编剧:卡尔·隆德; 主演:艾德里安·布洛迪/马西娅·盖伊·哈登/詹姆斯·肯恩/克里斯蒂娜·亨德里克斯/刘玉玲/布莱思·丹纳/蒂姆·布雷克·尼尔森/威廉·彼德森/布莱恩·科兰斯顿/萨米·盖尔/LouisZorich/小伊塞亚·维特洛克/DavidHausen/约翰·塞纳迭姆博/西莉亚·奥/罗南·鲁宾斯坦/阿尔·卡尔德隆/布雷南·布朗/ReaganLeonard/詹姆斯·霍西/乔什·帕斯/瑞内·菲利斯·史密斯/道格·伊·道格/PatriciaRae/萨曼萨·罗根/拉尔夫·罗德里格斯; 类型:剧情; 官方网站:detachment-film.com; 制片国家/地区:美国; 语言:英语; 上映日期:2011-04-25(翠贝卡电影节); 片长:97分钟; 又名:人间师格(台); IMDb链接:tt1683526; ; ,8.9,https://movie.douban.com/subject/5322596/
No.115,蝙蝠侠：黑暗骑士崛起 The Dark Knight Rises,(2012),; 导演:克里斯托弗·诺兰; 编剧:大卫·S·高耶/乔纳森·诺兰/克里斯托弗·诺兰; 主演:克里斯蒂安·贝尔/汤姆·哈迪/安妮·海瑟薇/约瑟夫·高登-莱维特/玛丽昂·歌迪亚/加里·奥德曼/迈克尔·凯恩/摩根·弗里曼/朱诺·坦普尔/乔什·平茨/丹尼尔·逊亚塔/内斯特·卡博内尔/伯恩·戈曼/连姆·尼森/乔伊·金/艾丹·吉伦/基里安·墨菲/乔什·斯图沃特/马修·莫迪恩/本·门德尔森; 类型:剧情/动作/科幻/惊悚/犯罪; 官方网站:www.thedarkknightrises.com; 制片国家/地区:美国/英国; 语言:英语/阿拉伯语; 上映日期:2012-08-27(中国大陆)/2012-07-20(美国); 片长:165分钟; 又名:蝙蝠侠前传3：黑暗骑士崛起/黑暗骑士：黎明升起(台)/蝙蝠侠：夜神起义(港)/蝙蝠侠前传3：黑骑再起/蝙蝠侠7：黑暗骑士崛起/暗夜骑士崛起/T.D.K.R./TDKR/Batman3:TheDarkKnightRises; IMDb链接:tt1345836; ; ,8.8,https://movie.douban.com/subject/3395373/
No.116,倩女幽魂,(1987),; 导演:程小东; 编剧:阮继志; 主演:张国荣/王祖贤/午马/刘兆铭/林威/薛芷伦/胡大为/王晶; 类型:爱情/奇幻/武侠/古装; ; 制片国家/地区:中国香港; 语言:粤语; 上映日期:1987-07-18(中国香港)/2011-04-30(中国大陆); 片长:98分钟(香港)/96分钟; 又名:倩女幽魂(87版)/倩女幽魂：妖魔道/AChineseGhostStory; IMDb链接:tt0093978; ; ,8.7,https://movie.douban.com/subject/1297447/
No.117,玛丽和马克思 Mary and Max,(2009),; 导演:亚当·艾略特; 编剧:亚当·艾略特; 主演:托妮·科莱特/菲利普·塞默·霍夫曼/巴瑞·哈姆弗莱斯/艾瑞克·巴纳/贝塔尼·维特莫尔/蕾妮·盖耶/伊恩·莫利·梅尔德伦/朱莉·福塞斯/约翰·弗劳思/克里斯托弗·马西/卡罗琳·莎士比亚-艾伦/琳恩·史密斯/MichaelIenna; 类型:剧情/喜剧/动画; ; 制片国家/地区:澳大利亚; 语言:英语/意第绪语; 上映日期:2009-01-15(圣丹斯电影节)/2009-04-09(澳大利亚); 片长:92分钟; 又名:巧克力情缘(台)/同是天涯寂寞客/玛丽和麦克斯/玛丽与马克思/玛丽和马克斯/玛丽和马科斯; IMDb链接:tt0978762; ; ,8.9,https://movie.douban.com/subject/3072124/
No.118,无人知晓 誰も知らない,(2004),; 导演:是枝裕和; 编剧:是枝裕和; 主演:柳乐优弥/北浦爱/木村飞影/清水萌萌子/韩英惠/江原由希子/串田和美/冈元夕纪子/楯隆子/加濑亮/村野友希/田中庆太/木村佑一/远藤宪一/寺岛进/平泉成; 类型:剧情; ; 制片国家/地区:日本; 语言:日语; 上映日期:2004-05-13(戛纳电影节)/2004-08-07(日本); 片长:141分钟; 又名:谁知赤子心(港)/无人知晓的夏日清晨(台)/NobodyKnows/Daremoshiranai; IMDb链接:tt0408664; ; ,9.1,https://movie.douban.com/subject/1292337/
No.119,甜蜜蜜,(1996),; 导演:陈可辛; 编剧:岸西; 主演:黎明/张曼玉/杨恭如/曾志伟/杜可风/张同祖/诸慧荷/丁羽; 类型:剧情/爱情; ; 制片国家/地区:中国香港; 语言:粤语/汉语普通话/英语; 上映日期:1996-11-02(中国香港)/2015-02-13(中国大陆); 片长:118分钟(中国大陆)/116分钟(台湾); 又名:Comrades:AlmostaLoveStory; IMDb链接:tt0117905; ; ,8.8,https://movie.douban.com/subject/1305164/
No.120,告白,(2010),; 导演:中岛哲也; 编剧:中岛哲也/凑佳苗; 主演:松隆子/冈田将生/木村佳乃/西井幸人/桥本爱/芦田爱菜/三吉彩花/藤原薰/井之胁海/清水尚弥/高桥努/一井直树/能年玲奈/新井浩文/野本萤; 类型:剧情/惊悚; 官方网站:kokuhaku-shimasu.jp; 制片国家/地区:日本; 语言:日语; 上映日期:2010-06-05(日本); 片长:106分钟; 又名:自白/母亲/Kokuhaku/Confessions; IMDb链接:tt1590089; ; ,8.7,https://movie.douban.com/subject/4268598/
No.121,萤火之森 蛍火の杜へ,(2011),; 导演:大森贵弘; 编剧:绿川幸; 主演:佐仓绫音/内山昂辉/辻亲八/山本兼平/后藤弘树/今井麻美; 类型:剧情/爱情/动画/奇幻; 官方网站:www.hotarubi.info; 制片国家/地区:日本; 语言:日语; 上映日期:2011-09-17(日本); 片长:45分钟; 又名:萤火之社/Hotarubinomorie/TotheForestofFireflyLights; IMDb链接:tt2061702; ; ,8.9,https://movie.douban.com/subject/5989818/
No.122,超能陆战队 Big Hero 6,(2014),; 导演:唐·霍尔/克里斯·威廉姆斯; 编剧:乔丹·罗伯茨/丹尼尔·吉尔森/罗伯特·L·贝尔德; 主演:斯科特·安第斯/瑞恩·波特/丹尼尔·海尼/T·J·米勒/杰米·钟/小达蒙·韦恩斯/珍尼希斯·罗德里格兹/詹姆斯·克伦威尔/艾伦·图代克/玛娅·鲁道夫/亚布拉哈姆·本鲁比/凯蒂·洛斯/比利·布什/丹尼尔·吉尔森/保罗·布里格斯; 类型:喜剧/动作/科幻/动画/冒险; 官方网站:www.disneyanimation.com/projects/bighero6; 制片国家/地区:美国; 语言:英语; 上映日期:2015-02-28(中国大陆)/2020-07-31(中国大陆重映)/2014-10-23(东京电影节)/2014-11-07(美国); 片长:102分钟; 又名:大英雄联盟(港)/大英雄天团(台)/六大英雄/(●—●); IMDb链接:tt2245084; ; ,8.7,https://movie.douban.com/subject/11026735/
No.123,大鱼 Big Fish,(2003),; 导演:蒂姆·波顿; 编剧:DanielWallace/约翰·奥古斯特; 主演:伊万·麦克格雷格/阿尔伯特·芬尼/比利·克鲁德普/杰西卡·兰格/海伦娜·伯翰·卡特/艾莉森·洛曼/罗伯特·吉尔劳姆/玛丽昂·歌迪亚/马修·麦克格罗里/大卫·丹曼/米西·派勒/卢顿·万恩怀特三世/艾达·泰/艾伦妮·泰/史蒂夫·布西密/丹尼·德维托/迪普·罗伊/海利·安妮·内尔森; 类型:剧情/家庭/奇幻/冒险; ; 制片国家/地区:美国; 语言:英语/法语/俄语/粤语/汉语普通话; 上映日期:2003-12-04(纽约首映)/2004-01-09(美国); 片长:125分钟; 又名:大鱼奇缘(港)/大智若鱼(台)/大鱼老爸; IMDb链接:tt0319061; ; ,8.8,https://movie.douban.com/subject/1291545/
No.124,阳光姐妹淘 써니,(2011),; 导演:姜炯哲; 编剧:姜炯哲/李炳宪; 主演:沈恩京/闵孝琳/姜素拉/南宝拉/陈熙琼/金时厚/柳好贞/朴真珠/李妍京/金甫美/千禹熙/李璟荣; 类型:剧情/喜剧; ; 制片国家/地区:韩国; 语言:韩语; 上映日期:2011-05-04(韩国); 片长:124分钟/135分钟(导演剪辑版); 又名:阳光姊妹淘(港)/桑尼/阳光/永远的七公主/Sunny; IMDb链接:tt1937339; ; ,8.8,https://movie.douban.com/subject/4917726/
No.125,驯龙高手 How to Train Your Dragon,(2010),; 导演:迪恩·德布洛斯/克里斯·桑德斯; 编剧:威廉姆·戴维斯/迪恩·德布洛斯/克里斯·桑德斯/葛蕾熙达·柯维尔; 主演:杰伊·巴鲁切尔/杰拉德·巴特勒/克雷格·费格森/亚美莉卡·费雷拉/乔纳·希尔/克里斯托夫·梅兹-普莱瑟/T·J·米勒/克里斯汀·韦格/罗宾·阿特金·唐斯/菲利普·麦格雷德/基隆·埃利奥特/阿什利·詹森/大卫·田纳特; 类型:动画/奇幻/冒险; 官方网站:www.dreamworksdragons.com/; 制片国家/地区:美国; 语言:英语; 上映日期:2010-05-14(中国大陆)/2010-03-18(俄罗斯)/2010-03-26(美国); 片长:98分钟; 又名:驯龙记(港); IMDb链接:tt0892769; ; ,8.7,https://movie.douban.com/subject/2353023/
No.126,射雕英雄传之东成西就 射鵰英雄傳之東成西就,(1993),; 导演:刘镇伟; 编剧:刘镇伟; 主演:梁朝伟/林青霞/张国荣/叶玉卿/张学友/王祖贤/张曼玉/梁家辉/刘嘉玲/钟镇涛/鲍起静; 类型:喜剧/奇幻/武侠/古装; ; 制片国家/地区:中国香港; 语言:粤语; 上映日期:1993-02-05(中国香港); 片长:113分钟(香港)/98分钟(翡翠高清版); 又名:东成西就/大英雄(日本)/TheEagleShootingHeroes; IMDb链接:tt0108074; ; ,8.7,https://movie.douban.com/subject/1316510/
No.127,借东西的小人阿莉埃蒂 借りぐらしのアリエッティ,(2010),; 导演:米林宏昌; 编剧:宫崎骏/丹羽圭子/玛丽·诺顿; 主演:志田未来/神木隆之介/树木希林/三浦友和/大竹忍/竹下景子/藤原龙也; 类型:动画/奇幻/冒险; 官方网站:karigurashi.jp; 制片国家/地区:日本; 语言:日语; 上映日期:2010-07-17(日本); 片长:94分钟; 又名:借物少女艾莉缇(台)/借东西的小矮人亚莉亚蒂(港)/借东西的阿莉埃蒂/借东西的地下小人/TheBorrowerArrietty/TheSecretWorldofArrietty; IMDb链接:tt1568921; ; ,8.8,https://movie.douban.com/subject/4202302/
No.128,菊次郎的夏天 菊次郎の夏,(1999),; 导演:北野武; 编剧:北野武; 主演:北野武/关口雄介/岸本加世子/吉行和子/细川典江/大家由祐子/磨赤儿/グレート義太夫/井手博士/今村鼠/兼子二郎/田中要次/小岛可奈子; 类型:剧情/喜剧; ; 制片国家/地区:日本; 语言:日语; 上映日期:2020-09(中国大陆)/1999-05-20(戛纳电影节)/1999-06-05(日本); 片长:121分钟; 又名:菊次郎之夏/Kikujirônonatsu/Kikujiro; IMDb链接:tt0199683; ; ,8.8,https://movie.douban.com/subject/1293359/
No.129,幸福终点站 The Terminal,(2004),; 导演:史蒂文·斯皮尔伯格; 编剧:安德鲁·尼科尔/萨沙·杰瓦西/杰夫·内桑森; 主演:汤姆·汉克斯/凯瑟琳·泽塔-琼斯/斯坦利·图齐/齐·麦克布赖德/迭戈·卢纳/巴里·沙巴卡·亨利/库玛·帕拉纳/佐伊·索尔达娜/埃迪·琼斯/祖德·塞克利拉/科瑞·雷诺兹/古列雷莫·迪亚兹/里尼·贝尔/瓦列里·尼古拉耶夫/迈克尔·诺里/BobMorrisey/萨沙·斯皮尔伯格/苏珊·索洛米/卡尔利斯·布克/StephonFuller/丹·芬纳蒂/LydiaBlanco/肯尼斯·崔/卡斯·安瓦尔/康拉德·皮拉/杜桑恩·杜基齐/马克·伊瓦涅/BennyGolson/斯科特·安第斯/罗伯特·科瓦吕比亚/DilvaHenry/卡尔艾拉切/HayatiAkbas/艾力克斯·伯恩斯/埃莱娜·卡多纳/DanChase/查得·R·戴维斯/AntonellaElia/MichaelEliopoulos/MarstonFobbs/RiadGalayini/杰拉德·加纳/JustinRodgersHall/MohammedHassan/AmberHavens/KseniaJarova/BarryJulien/SvilenaKidess/ZuzanaMonroe/艾丽西亚·奥奇瑟/本杰明·奥切恩格; 类型:剧情/喜剧/爱情; ; 制片国家/地区:美国; 语言:英语/保加利亚语/西班牙语/俄语/汉语普通话/德语/法语; 上映日期:2005-01-14(中国大陆)/2004-06-18(美国); 片长:128分钟; 又名:机场客运站(港)/航站情缘(台)/航站奇缘/单程机票航站奇缘/候机楼/单程机票/爱你无国界; IMDb链接:tt0362227; ; ,8.8,https://movie.douban.com/subject/1292274/
No.130,爱在日落黄昏时 Before Sunset,(2004),; 导演:理查德·林克莱特; 编剧:理查德·林克莱特/朱莉·德尔佩/伊桑·霍克/金·克里桑; 主演:伊桑·霍克/朱莉·德尔佩/弗农·多布切夫/路易丝·勒莫瓦纳·托雷斯/罗多尔·保利/玛丽安·普莱施泰格/Diabolo/丹尼·弗拉/艾伯特·德尔佩/玛丽·佩里; 类型:剧情/爱情; ; 制片国家/地区:美国/法国; 语言:英语/法语; 上映日期:2004-02-10(柏林电影节)/2004-07-30(美国); 片长:80分钟; 又名:日落巴黎(港)/爱在日落巴黎时(台)/日落之前/情留相逢时/爱在日落余晖时/爱在日落黄昏前; IMDb链接:tt0381681; ; ,8.8,https://movie.douban.com/subject/1291990/
No.131,恐怖直播 더 테러 라이브,(2013),; 导演:金秉祐; 编剧:金秉祐; 主演:河正宇/李璟荣/全慧珍/李大卫; 类型:剧情/悬疑/犯罪; ; 制片国家/地区:韩国; 语言:韩语; 上映日期:2013-07-31(韩国); 片长:97分钟; 又名:死亡“动”新闻(港)/恐怖攻击直播(台)/TheTerrorLive/90MinutesofTerror; IMDb链接:tt2990738; ; ,8.8,https://movie.douban.com/subject/21360417/
No.132,完美的世界 A Perfect World,(1993),; 导演:克林特·伊斯特伍德; 编剧:约翰·李·汉考克; 主演:凯文·科斯特纳/劳拉·邓恩/克林特·伊斯特伍德/T·J·劳瑟/基斯·斯扎拉巴基克; 类型:剧情/犯罪; 官方网站:https://www.warnerbros.com/movies/perfect-world/; 制片国家/地区:美国; 语言:英语; 上映日期:1993-11-24(美国); 片长:138分钟/125分钟(德国电视版); 又名:强盗保镳; IMDb链接:tt0107808; ; ,9.1,https://movie.douban.com/subject/1300992/
No.133,功夫,(2004),; 导演:周星驰; 编剧:曾瑾昌/陈文强/周星驰/霍昕; 主演:周星驰/元秋/元华/黄圣依/梁小龙/陈国坤/田启文/林子聪/林雪/冯克安/释彦能/冯小刚/袁祥仁/张一白/赵志凌/董志华/何文辉/陈凯师/贾康熙/林子善/任珈锐/王仕颖; 类型:喜剧/动作/犯罪/奇幻; ; 制片国家/地区:中国大陆/中国香港; 语言:粤语/汉语普通话/手语; 上映日期:2004-12-23(中国大陆/中国香港)/2015-01-15(中国大陆3D)/2004-09-14(多伦多电影节); 片长:100分钟(3D重映)/95分钟(中国大陆)/99分钟(美国); 又名:功夫3D/KungFuHustle; IMDb链接:tt0373074; ; 官方小站:; 功夫3D的官方小站; ,8.6,https://movie.douban.com/subject/1291543/
No.134,人生果实 人生フルーツ,(2017),; 导演:伏原健之; ; 主演:津端修一/津端英子/树木希林; 类型:纪录片; 官方网站:life-is-fruity.com; 制片国家/地区:日本; 语言:日语; 上映日期:2017-01-02(日本); 片长:91分钟; 又名:积存时间的生活(台)/人生水果/LifeIsFruity; IMDb链接:tt6161512; ; ,9.5,https://movie.douban.com/subject/26874505/
No.135,神偷奶爸 Despicable Me,(2010),; 导演:皮埃尔·柯芬/克里斯·雷纳德; 编剧:肯·道里欧/塞尔希奥·巴勃罗斯/辛科·保罗; 主演:史蒂夫·卡瑞尔/杰森·席格尔/拉塞尔·布兰德/朱莉·安德鲁斯/威尔·阿奈特/克里斯汀·韦格/米兰达·卡斯格拉夫/达纳·盖尔/艾尔西·费舍尔/皮埃尔·柯芬/克里斯·雷纳德/杰梅奈·克莱门特/杰克·麦克布瑞尔/丹尼·麦克布莱德/敏迪·卡灵/罗布·许贝尔/肯·道里欧/郑肯; 类型:喜剧/动画/冒险; 官方网站:www.despicableme.com; 制片国家/地区:美国/法国; 语言:英语; 上映日期:2010-06-20(莫斯科电影节)/2010-07-09(美国); 片长:95分钟; 又名:卑鄙的我/坏蛋奖门人(港)/偷天换“月”(港)/我很贱/Baby的我; IMDb链接:tt1323594; ; ,8.6,https://movie.douban.com/subject/3287562/
No.136,"怪兽电力公司 Monsters, Inc.",(2001),; 导演:彼特·道格特/大卫·斯沃曼/李·昂克里奇; 编剧:安德鲁·斯坦顿/丹尼尔·吉尔森/罗伯特·L·贝尔德/瑞特·里斯/乔纳森·罗伯特/彼特·道格特/杰夫·皮金/吉尔·卡尔顿/拉夫·埃格尔斯顿; 主演:约翰·古德曼/比利·克里斯托/玛丽·吉布斯/史蒂夫·布西密/詹姆斯·柯本/詹妮弗·提莉/鲍勃·彼德森/约翰·拉岑贝格/弗兰克·奥兹/丹尼尔·吉尔森/邦尼·亨特/杰克·安杰尔/塞缪尔·洛德·布莱克/史蒂夫·萨斯坎德; 类型:喜剧/动画/儿童/奇幻/冒险; 官方网站:www.monstersinc.com; 制片国家/地区:美国; 语言:英语; 上映日期:2001-11-02(美国)/2012-12-19(美国); 片长:92分钟; 又名:怪兽公司(港)/怪物公司; IMDb链接:tt0198781; ; ,8.7,https://movie.douban.com/subject/1291579/
No.137,玩具总动员3 Toy Story 3,(2010),; 导演:李·昂克里奇; 编剧:迈克尔·阿恩特/约翰·拉塞特/安德鲁·斯坦顿/李·昂克里奇; 主演:汤姆·汉克斯/蒂姆·艾伦/琼·库萨克/尼德·巴蒂/唐·里克斯/迈克尔·基顿; 类型:喜剧/动画/奇幻/冒险; 官方网站:http://disney.go.com/toystory/; 制片国家/地区:美国; 语言:英语/西班牙语; 上映日期:2010-06-16(中国大陆)/2010-06-18(美国); 片长:103分钟; 又名:反斗奇兵3(港)/玩具的故事3; IMDb链接:tt0435761; ; ,8.8,https://movie.douban.com/subject/1858711/
No.138,傲慢与偏见 Pride & Prejudice,(2005),; 导演:乔·赖特; 编剧:简·奥斯汀/黛博拉·莫盖茨; 主演:凯拉·奈特莉/马修·麦克费登/唐纳德·萨瑟兰/布兰达·布莱斯/凯瑞·穆里根/裴淳华/吉娜·马隆/妲露拉·莱莉/朱迪·丹奇/西蒙·伍兹/克劳迪·布莱克利/汤姆·霍兰德/鲁伯特·弗兰德/凯利·蕾莉/皮普·托伦斯/西妮德·马修斯/佩内洛普·威尔顿/塔姆金·莫钦特; 类型:剧情/爱情; ; 制片国家/地区:法国/英国/美国; 语言:英语; 上映日期:2005-09-16(英国); 片长:129分钟/135分钟(加拿大); 又名:傲慢与偏见2005/PrideAndPrejudice; IMDb链接:tt0414387; ; ,8.6,https://movie.douban.com/subject/1418200/
No.139,天书奇谭,(1983),; 导演:王树忱/钱运达; 编剧:王树忱/包蕾; 主演:丁建华/毕克/苏秀/程晓桦/施融/于鼎/杨成纯/孙渝烽/胡庆汉/尚华/刘广宁/乔榛/严崇德/伍经纬/童自荣/程玉珠/曹雷/王建新/杨文元/富润生/刘钦/刘风/翟巍/张欣/郭易峰/王肖兵; 类型:动画/奇幻; ; 制片国家/地区:中国大陆; 语言:汉语普通话; 上映日期:1983(中国大陆); 片长:89分钟; 又名:TheLegendofSealedBook/SecretsoftheHeavenlyBook; IMDb链接:tt6035092; ; ,9.2,https://movie.douban.com/subject/1428581/
No.140,血战钢锯岭 Hacksaw Ridge,(2016),; 导演:梅尔·吉布森; 编剧:安德鲁·奈特/罗伯特·申坎; 主演:安德鲁·加菲尔德/萨姆·沃辛顿/文斯·沃恩/雨果·维文/卢克·布雷西/泰莉莎·帕尔墨/瑞切尔·格里菲斯/内森奈尔·布佐里克/理查德·劳斯伯格/马特·纳夫莱/费拉斯·迪拉尼/瑞安·柯尔/卢克·佩格勒; 类型:剧情/传记/历史/战争; 官方网站:www.hacksawridge.movie/; 制片国家/地区:美国/澳大利亚; 语言:英语; 上映日期:2016-12-08(中国大陆)/2016-09-04(威尼斯电影节)/2016-11-04(美国); 片长:139分钟(中国大陆)/140分钟(美国); 又名:钢锯岭/钢铁英雄(台)/TheConscientiousObjector; IMDb链接:tt2119532; ; ,8.7,https://movie.douban.com/subject/26325320/
No.141,教父3 The Godfather: Part III,(1990),; 导演:弗朗西斯·福特·科波拉; 编剧:马里奥·普佐/弗朗西斯·福特·科波拉; 主演:阿尔·帕西诺/黛安·基顿/塔莉娅·夏尔/安迪·加西亚/埃里·瓦拉赫/乔·曼特纳/乔治·汉密尔顿/布里吉特·芳达/索菲亚·科波拉/雷夫·瓦朗/弗兰克·德安布罗西奥/敦尔·当纳利/理查德·布赖特/赫尔穆特·贝格/唐·诺韦洛; 类型:剧情/犯罪; ; 制片国家/地区:美国; 语言:英语/意大利语/德语/拉丁语; 上映日期:1990-12-25(美国); 片长:170分钟; 又名:教父第三集/教父III; IMDb链接:tt0099674; ; ,8.9,https://movie.douban.com/subject/1294240/
No.142,时空恋旅人 About Time,(2013),; 导演:理查德·柯蒂斯; 编剧:理查德·柯蒂斯; 主演:多姆纳尔·格里森/瑞秋·麦克亚当斯/比尔·奈伊/莉迪亚·威尔逊/琳赛·邓肯/理查德·科德里/约书亚·麦圭尔/汤姆·霍兰德/玛格特·罗比/维尔·梅里克/凡妮莎·柯比/汤姆·休斯/哈利·海顿-佩顿/米切尔·马伦/丽莎·艾科恩/珍妮·莱恩斯福德/菲利普-沃斯/凯瑟琳·斯戴曼/汤姆·斯托顿/安部春香/李·阿斯奎斯-柯/理查德·班克斯/保罗·布莱克维尔/贝恩·科拉科/格拉姆·柯里/罗薇娜·戴蒙德/约翰·达根/迪诺·法赞尼/内芙·加切夫/理查德·E·格兰特/理查德·格雷弗斯/李·尼古拉斯·哈里斯/理查德·赫德曼/李仙湖/马修·C·马蒂诺/马汀·麦格/艾莉克丝摩尔; 类型:喜剧/爱情/奇幻; ; 制片国家/地区:英国; 语言:英语; 上映日期:2013-09-04(英国); 片长:123分钟; 又名:时空旅恋人/回到最爱的一天(港)/真爱每一天(台); IMDb链接:tt2194499; ; ,8.7,https://movie.douban.com/subject/10577869/
No.143,风之谷 風の谷のナウシカ,(1984),; 导演:宫崎骏; 编剧:宫崎骏; 主演:岛本须美/松田洋治/榊原良子/辻村真人/京田尚子/纳谷悟朗/永井一郎/宫内幸平/八奈见乘儿/矢田稔/富永美伊奈/家弓家正/吉田理保子/菅谷政子/坂本千夏/鳕子/麦人/大塚芳忠; 类型:动画/奇幻/冒险; ; 制片国家/地区:日本; 语言:日语; 上映日期:1992-05(中国大陆)/1984-03-11(日本); 片长:117分钟; 又名:风谷少女/KazenotaninoNaushika/NausicaäoftheValleyoftheWind; IMDb链接:tt0087544; ; ,8.9,https://movie.douban.com/subject/1291585/
No.144,釜山行 부산행,(2016),; 导演:延尚昊; 编剧:延尚昊; 主演:孔侑/郑有美/马东锡/金秀安/金义城/崔宇植/安昭熙/崔奎华/郑锡勇/艺秀晶/朴明申/张赫镇/禹都临/沈恩京; 类型:动作/惊悚/灾难; ; 制片国家/地区:韩国; 语言:韩语; 上映日期:2016-05-13(戛纳电影节)/2016-07-20(韩国); 片长:118分钟; 又名:尸杀列车(港)/尸速列车(台)/TraintoBusan/Busanhaeng; IMDb链接:tt5700672; ; ,8.5,https://movie.douban.com/subject/25986180/
No.145,电锯惊魂 Saw,(2004),; 导演:温子仁; 编剧:温子仁/雷·沃纳尔; 主演:雷·沃纳尔/加利·艾尔维斯/丹尼·格洛弗/肯·梁/迪娜·迈耶/迈克·巴特斯/保罗·古德勒支/迈克尔·爱默生/本尼托·马丁内斯/肖妮·史密斯/麦肯兹·韦加/莫妮卡·波特/耐德·巴拉米/亚丽姗卓·全/托宾·贝尔; 类型:悬疑/惊悚/恐怖; ; 制片国家/地区:美国; 语言:英语; 上映日期:2004-01-19(圣丹斯电影节)/2004-10-29(美国); 片长:103分钟; 又名:夺魂锯(台)/恐惧斗室(港)/你死我活/链锯惊魂; IMDb链接:tt0387564; ; ,8.7,https://movie.douban.com/subject/1417598/
No.146,上帝之城 Cidade de Deus,(2002),; 导演:费尔南多·梅里尔斯/卡迪亚·兰德; 编剧:保罗·林斯/布罗里欧·曼托伐尼; 主演:亚历桑德雷·罗德里格斯/莱安德鲁·菲尔米诺/菲利佩·哈根森/道格拉斯·席尔瓦/乔纳森·哈根森/马修斯·纳克加勒/索·豪黑/艾莉丝·布拉加; 类型:剧情/犯罪; ; 制片国家/地区:巴西/法国; 语言:葡萄牙语; 上映日期:2002-05-18(戛纳电影节)/2002-08-30(巴西); 片长:130分钟; 又名:无主之城(港)/无法无天(台)/CityofGod; IMDb链接:tt0317248; ; ,8.9,https://movie.douban.com/subject/1292208/
No.147,哪吒闹海,(1979),; 导演:严定宪/王树忱/徐景达; 编剧:王树忱; 主演:梁正晖/邱岳峰/毕克/富润生/尚华/于鼎; 类型:动画/奇幻/冒险; ; 制片国家/地区:中国大陆; 语言:汉语普通话; 上映日期:1979-05-19(中国大陆); 片长:65分钟; 又名:PrinceNezha'sTriumphAgainstDragonKing/Nezhanaohai; IMDb链接:tt0354770; ; ,9.1,https://movie.douban.com/subject/1307315/
No.148,被解救的姜戈 Django Unchained,(2012),; 导演:昆汀·塔伦蒂诺; 编剧:昆汀·塔伦蒂诺; 主演:杰米·福克斯/莱昂纳多·迪卡普里奥/克里斯托弗·瓦尔兹/塞缪尔·杰克逊/凯丽·华盛顿/沃尔顿·戈金斯/丹尼斯·克里斯托弗/乔纳·希尔/詹姆斯·瑞马尔/爱波·塔布琳/弗兰科·内罗/罗伯特·卡拉丁/佐伊·贝尔; 类型:剧情/动作/西部/冒险; 官方网站:unchainedmovie.com; 制片国家/地区:美国; 语言:英语/法语/德语; 上映日期:2013-05-12(中国大陆)/2012-12-25(美国); 片长:163分钟(中国大陆)/165分钟(美国); 又名:被解放的姜戈/决杀令(台)/黑杀令(港)/被解放的迪亚戈/铁血枷锁/解放的詹哥/奔放的强哥/强哥好强; IMDb链接:tt1853728; ; ,8.7,https://movie.douban.com/subject/6307447/
No.149,喜宴 囍宴,(1993),; 导演:李安; 编剧:李安/冯光远/詹姆斯·夏慕斯; 主演:赵文瑄/郎雄/归亚蕾/金素梅/米切尔·利希藤斯坦; 类型:剧情/喜剧/爱情/同性/家庭; ; 制片国家/地区:中国台湾/美国; 语言:汉语普通话/英语; 上映日期:1993-02(柏林电影节)/1993-08-04(美国); 片长:108分钟; 又名:TheWeddingBanquet; IMDb链接:tt0107156; ; ,8.9,https://movie.douban.com/subject/1303037/
No.150,哈利·波特与阿兹卡班的囚徒 Harry Potter and the Prisoner of Azkaban,(2004),; 导演:阿方索·卡隆; 编剧:史蒂夫·克洛夫斯/J·K·罗琳; 主演:丹尼尔·雷德克里夫/艾玛·沃森/鲁伯特·格林特/加里·奥德曼/朱丽·沃特斯/邦妮·怀特/大卫·休里斯/迈克尔·刚本/艾伦·瑞克曼/玛吉·史密斯/汤姆·费尔顿/艾玛·汤普森/朱莉·克里斯蒂/蒂莫西·斯波; 类型:奇幻/冒险; 官方网站:www.azkaban.com; 制片国家/地区:英国/美国; 语言:英语; 上映日期:2004-09-10(中国大陆)/2004-05-31(英国); 片长:141分钟; 又名:哈利波特3：阿兹卡班的逃犯(港/台)/哈利·波特与阿兹卡班的逃犯/哈3; IMDb链接:tt0304141; ; ,8.7,https://movie.douban.com/subject/1291544/
No.151,七武士 七人の侍,(1954),; 导演:黑泽明; 编剧:黑泽明/桥本忍/小国英雄; 主演:三船敏郎/志村乔/津岛惠子/岛崎雪子/藤原釜足/加东大介/木村功/千秋实/宫口精二/小杉义男/左卜全/稻叶义男/土屋嘉男/高堂国典/东野英治郎/上田吉二郎/多多良纯/渡边笃/小川虎之助/山形勋/上山草人/清水元/高木新平/大友伸/高原骏雄/稻垣三郎/堺左千夫/千石规子/本间文子/大久保正信/伊藤实/大村千吉/广濑正一/宇野晃司/谷晃/中岛春雄/清水美恵/熊谷卓三/夏木顺平/岩本弘司/堤康久/马野都留子/森今日子/加藤武/仲代达矢/宇津井健/山本廉; 类型:剧情/动作/冒险; ; 制片国家/地区:日本; 语言:日语; 上映日期:1954-04-26(日本); 片长:207分钟/160分钟(国际版)/150分钟(英国初版)/190分钟(英国1991重映版)/141分钟(美国初版)/203分钟(美国重映版); 又名:七侠四义(港)/七剑客(港)/TheSevenSamurai/Shichininnosamurai; IMDb链接:tt0047478; ; ,9.2,https://movie.douban.com/subject/1295399/
No.152,英雄本色,(1986),; 导演:吴宇森; 编剧:陈庆嘉/吴宇森/梁淑华; 主演:周润发/狄龙/张国荣/朱宝意/李子雄/田丰/吴宇森/曾江/成奎安/徐克/陈志辉; 类型:剧情/动作/犯罪; ; 制片国家/地区:中国香港; 语言:粤语/汉语普通话/英语; 上映日期:1986-08-02(中国香港)/2017-11-17(中国大陆); 片长:95分钟; 又名:ABetterTomorrow/GanglandBoss; IMDb链接:tt0092263; ; ,8.7,https://movie.douban.com/subject/1297574/
No.153,谍影重重3 The Bourne Ultimatum,(2007),; 导演:保罗·格林格拉斯; 编剧:托尼·吉尔罗伊/乔治·诺非/斯科特·Z·本恩斯; 主演:马特·达蒙/朱丽娅·斯蒂尔斯/大卫·斯特雷泽恩/斯科特·格伦/帕迪·康斯戴恩/埃德加·拉米雷兹/阿尔伯特·芬尼/琼·艾伦/TomGallop/克里·约翰逊/丹尼尔·布鲁赫/乔伊·安沙/科林·斯廷顿/丹·弗雷登堡/LucyLiemann; 类型:动作/悬疑/惊悚; ; 制片国家/地区:美国/德国; 语言:英语/法语/阿拉伯语/俄语/西班牙语; 上映日期:2007-11-15(中国大陆)/2007-08-03(美国); 片长:115分钟; 又名:叛谍追击3：最后通牒(港)/神鬼认证：最后通牒(台)/伯恩的最后通牒/终极伯恩; IMDb链接:tt0440963; ; ,8.8,https://movie.douban.com/subject/1578507/
No.154,我是山姆 I Am Sam,(2001),; 导演:杰茜·尼尔森; 编剧:杰茜·尼尔森/克里斯汀·约翰逊; 主演:西恩·潘/达科塔·范宁/米歇尔·菲佛/黛安·韦斯特/洛雷塔·迪瓦恩/理查德·希夫/劳拉·邓恩; 类型:剧情/家庭; ; 制片国家/地区:美国; 语言:英语; 上映日期:2001-12-03(美国); 片长:132分钟; 又名:不一样的爸爸(港)/他不笨，他是我爸爸(台); IMDb链接:tt0277027; ; ,8.9,https://movie.douban.com/subject/1306861/
No.155,头号玩家 Ready Player One,(2018),; 导演:史蒂文·斯皮尔伯格; 编剧:扎克·佩恩/恩斯特·克莱恩; 主演:泰伊·谢里丹/奥利维亚·库克/本·门德尔森/马克·里朗斯/丽娜·维特/森崎温/赵家正/西蒙·佩吉/T·J·米勒/汉娜·乔恩-卡门/拉尔夫·伊内森/苏珊·林奇/克莱尔·希金斯/劳伦斯·斯佩尔曼/佩蒂塔·维克斯/艾萨克·安德鲁斯; 类型:动作/科幻/冒险; ; 制片国家/地区:美国; 语言:英语/日语/汉语普通话; 上映日期:2018-03-30(中国大陆)/2018-03-11(西南偏南电影节)/2018-03-29(美国); 片长:140分钟; 又名:玩家一号/挑战者1号(港)/一级玩家(台)/一号玩家; IMDb链接:tt1677720; ; ,8.7,https://movie.douban.com/subject/4920389/
No.156,岁月神偷 歲月神偷,(2010),; 导演:罗启锐; 编剧:罗启锐/张婉婷; 主演:吴君如/任达华/钟绍图/李治廷/蔡颖恩/秦沛/夏萍/谷德昭/许鞍华/张同祖/庄域飞/威廉希路/李健兴/林耀祺/廖爱玲/张翼东/钱耀荣/谭瓒强/陈庆航/黎祥荣; 类型:剧情/家庭; ; 制片国家/地区:中国香港/中国大陆; 语言:粤语/汉语普通话/英语/上海话/法语; 上映日期:2010-03-11(中国香港)/2010-04-16(中国大陆)/2010-02-14(柏林电影节); 片长:117分钟/120分钟(柏林电影节); 又名:1969太空漫游/EchoesOfTheRainbow; IMDb链接:tt1602572; ; ,8.7,https://movie.douban.com/subject/3792799/
No.157,纵横四海 緃横四海,(1991),; 导演:吴宇森; 编剧:吴宇森/高志森/秦小珍; 主演:周润发/张国荣/钟楚红/朱江/曾江/胡枫/唐宁/邓一君; 类型:剧情/喜剧/动作/犯罪; ; 制片国家/地区:中国香港; 语言:粤语/汉语普通话/客家话/英语/法语; 上映日期:1991-02-02(中国香港); 片长:108分钟; 又名:OnceaThief; IMDb链接:tt0101020; ; ,8.8,https://movie.douban.com/subject/1295409/
No.158,疯狂原始人 The Croods,(2013),; 导演:柯克·德·米科/克里斯·桑德斯; 编剧:克里斯·桑德斯/柯克·德·米科/约翰·克立斯; 主演:尼古拉斯·凯奇/艾玛·斯通/瑞恩·雷诺兹/凯瑟琳·基纳/克萝丽丝·利奇曼/克拉克·杜克/克里斯·桑德斯/兰迪·汤姆; 类型:喜剧/动画/冒险; ; 制片国家/地区:美国; 语言:英语; 上映日期:2013-04-20(中国大陆)/2013-02-15(柏林电影节)/2013-03-22(美国); 片长:98分钟; 又名:古鲁家族(港/台)/克鲁德一家/疯狂家族; IMDb链接:tt0481499; ; ,8.7,https://movie.douban.com/subject/1907966/
No.159,"三块广告牌 Three Billboards Outside Ebbing, Missouri",(2017),; 导演:马丁·麦克唐纳; 编剧:马丁·麦克唐纳; 主演:弗兰西斯·麦克多蒙德/伍迪·哈里森/山姆·洛克威尔/艾比·考尼什/卢卡斯·赫奇斯/彼特·丁拉基/约翰·浩克斯/卡赖伯·兰德里·琼斯/凯瑟琳·纽顿/凯瑞·康顿/泽利科·伊万内克/萨玛拉·维文/克拉克·彼得斯/尼克·瑟西/阿曼达·沃伦/玛拉雅·瑞沃拉·德鲁/布兰登·萨克斯顿/迈克尔·艾伦·米利甘; 类型:剧情/犯罪; 官方网站:www.foxsearchlight.com/threebillboardsoutsideebbingmissouri; 制片国家/地区:美国/英国; 语言:英语; 上映日期:2018-03-02(中国大陆)/2017-09-04(威尼斯电影节)/2017-12-01(美国); 片长:115分钟; 又名:广告牌杀人事件(港)/意外(台); IMDb链接:tt5027774; ; ,8.7,https://movie.douban.com/subject/26611804/
No.160,一个叫欧维的男人决定去死 En man som heter Ove,(2015),; 导演:汉内斯·赫尔姆; 编剧:弗雷德里克·巴克曼/汉内斯·赫尔姆; 主演:罗夫·拉斯加德/巴哈·帕斯/托比亚斯·阿姆博瑞/菲利普·伯格/安娜-莱娜·布伦丁/博瑞·伦贝里/埃达·英格薇/弗雷德里克·埃弗斯/玛德琳·雅各布松/查特里娜·拉松/杰克尔·法尔斯特伦; 类型:剧情; 官方网站:https://www.nordiskfilm.com/en-man-som-heter-ove-kammar-hem-flera-guldbaggenomineringar; 制片国家/地区:瑞典; 语言:瑞典语/波斯语; 上映日期:2015-12-25(瑞典); 片长:116分钟; 又名:明天别再来敲门(台)/想死冇咁易(港)/叫欧裴的男人/欧维决定去死/AManCalledOve/Mr.Ove; IMDb链接:tt4080728; ; ,8.8,https://movie.douban.com/subject/26628357/
No.161,心迷宫,(2014),; 导演:忻钰坤; 编剧:忻钰坤/冯元良/鲁妮凡; 主演:霍卫民/王笑天/罗芸/杨瑜珍/孙黎/邵胜杰/曹西安/贾致钢/朱自清/王梓尘/赵梓彤/贾世忠/袁满/陈梅生/张景素/平坦/金子/张建军; 类型:剧情/悬疑/犯罪; ; 制片国家/地区:中国大陆; 语言:汉语普通话; 上映日期:2015-10-16(中国大陆)/2014-07-21(FIRST青年影展)/2014-08-28(威尼斯电影节); 片长:110分钟(中国大陆)/119分钟(威尼斯电影节); 又名:殡棺/TheCoffinintheMountain/DeepintheHeart; IMDb链接:tt4078856; ; ,8.7,https://movie.douban.com/subject/25917973/
No.162,达拉斯买家俱乐部 Dallas Buyers Club,(2013),; 导演:让-马克·瓦雷; 编剧:克莱格·鲍登/梅丽莎·沃雷克; 主演:马修·麦康纳/詹妮弗·加纳/杰瑞德·莱托/斯蒂夫·扎恩/达拉斯·罗伯特斯/凯文·兰金/丹尼斯·欧哈拉/简·麦克尼尔/格里芬·邓恩/詹姆斯·杜蒙特/朱丽叶·里夫斯/斯蒂菲·格罗特/J·D·埃弗摩尔; 类型:剧情/同性/传记; ; 制片国家/地区:美国; 语言:英语/日语; 上映日期:2013-09-07(多伦多电影节)/2013-11-22(美国); 片长:117分钟; 又名:续命枭雄(港)/药命俱乐部(台)/达拉斯顾客俱乐部/药丸俱乐部(豆友译名); IMDb链接:tt0790636; ; ,8.8,https://movie.douban.com/subject/1793929/
No.163,卢旺达饭店 Hotel Rwanda,(2004),; 导演:特瑞·乔治; 编剧:凯尔·皮尔森/特瑞·乔治; 主演:唐·钱德尔/苏菲·奥康内多/华金·菲尼克斯/尼克·诺特/哈基姆·凯-卡西姆/托尼·戈罗奇/法纳·莫科纳/大卫·奥哈拉/莫苏西·麦格诺/西莫·莫加瓦扎/卡拉·西摩/罗伯托·西特兰/德斯蒙德·杜布/蕾乐蒂·库马洛; 类型:剧情/传记/历史/战争; 官方网站:www.mgm.com/ua/hotelrwanda/main.html; 制片国家/地区:英国/南非/意大利; 语言:英语/法语; 上映日期:2004-09-11(多伦多电影节)/2005-03-04(英国); 片长:121分钟; 又名:卢安达饭店(台); IMDb链接:tt0395169; ; ,8.9,https://movie.douban.com/subject/1291822/
No.164,哈利·波特与密室 Harry Potter and the Chamber of Secrets,(2002),; 导演:克里斯·哥伦布; 编剧:史蒂夫·克洛夫斯/J·K·罗琳; 主演:丹尼尔·雷德克里夫/艾玛·沃森/鲁伯特·格林特/汤姆·费尔顿/理查德·格雷弗斯/费奥纳·肖/托比·琼斯/朱丽·沃特斯/邦妮·怀特/詹森·艾萨克/肯尼思·布拉纳/艾伦·瑞克曼/理查德·哈里斯/玛吉·史密斯/约翰·克立斯/肖恩·比格斯代夫/克里斯·兰金/克里斯蒂安·库尔森; 类型:奇幻/冒险; 官方网站:www.harrypotter.co.uk; 制片国家/地区:美国/英国/德国; 语言:英语; 上映日期:2003-01-24(中国大陆)/2002-11-15(英国/美国); 片长:161分钟/174分钟(加长版); 又名:哈利波特2：消失的密室(港/台)/哈2; IMDb链接:tt0295297; ; ,8.6,https://movie.douban.com/subject/1296996/
No.165,你的名字。 君の名は。,(2016),; 导演:新海诚; 编剧:新海诚; 主演:神木隆之介/上白石萌音/长泽雅美/市原悦子/成田凌/悠木碧/岛崎信长/石川界人/谷花音/寺杣昌纪/大原沙耶香/井上和彦/茶风林/加藤有花/花泽香菜/寺崎裕香; 类型:剧情/爱情/动画; 官方网站:www.kiminona.com; 制片国家/地区:日本; 语言:日语; 上映日期:2016-12-02(中国大陆)/2016-08-26(日本); 片长:106分钟; 又名:你的名字/君之名/YourName/Kiminonawa.; IMDb链接:tt5311514; ; ,8.4,https://movie.douban.com/subject/26683290/
No.166,萤火虫之墓 火垂るの墓,(1988),; 导演:高畑勋; 编剧:高畑勋/野坂昭如; 主演:辰己努/白石绫乃/志乃原良子/山口朱美/端田宏三; 类型:剧情/动画/战争; ; 制片国家/地区:日本; 语言:日语; 上映日期:1988-04-16(日本); 片长:89分钟; 又名:再见萤火虫(港)/萤火挽歌/火帘之墓/Hotarunohaka/TombstoneforFireflies/GraveoftheFireflies/TomboftheFireflies; IMDb链接:tt0095327; ; ,8.7,https://movie.douban.com/subject/1293318/
No.167,花样年华 花樣年華,(2000),; 导演:王家卫; 编剧:王家卫; 主演:梁朝伟/张曼玉/潘迪华/萧炳林/张耀扬/孙佳君/钱似莺/顾锦华; 类型:剧情/爱情; ; 制片国家/地区:中国香港; 语言:粤语/上海话/法语; 上映日期:2000-09-29(中国香港)/2000-05-20(戛纳电影节); 片长:98分钟; 又名:IntheMoodforLove; IMDb链接:tt0118694; ; ,8.7,https://movie.douban.com/subject/1291557/
No.168,荒蛮故事 Relatos salvajes,(2014),; 导演:达米安·斯兹弗隆; 编剧:达米安·斯兹弗隆; 主演:达里奥·格兰迪内蒂/玛丽娅·玛努尔/莫妮卡·比利亚/丽塔·科尔泰塞/胡丽叶塔·泽尔贝伯格/凯撒·博尔东/莱昂纳多·斯巴拉格利亚/沃尔特·多纳多/里卡多·达林/南希·杜普拉/奥斯卡·马丁内兹/玛莉亚·奥内托/奥斯马·努涅斯/赫尔曼·德·席尔瓦/艾丽卡·里瓦斯/地亚哥·詹蒂莱/玛格丽塔·莫菲诺; 类型:剧情/喜剧/犯罪; ; 制片国家/地区:阿根廷/西班牙; 语言:西班牙语; 上映日期:2014-05-17(戛纳电影节)/2014-08-21(阿根廷); 片长:122分钟; 又名:蛮荒故事/生命中最抓狂的小事(台)/无定向丧心病狂(港)/蛮荒史/WildTales; IMDb链接:tt3011894; ; ,8.8,https://movie.douban.com/subject/24750126/
No.169,记忆碎片 Memento,(2000),; 导演:克里斯托弗·诺兰; 编剧:克里斯托弗·诺兰/乔纳森·诺兰; 主演:盖·皮尔斯/凯瑞-安·莫斯/乔·潘托里亚诺/小马克·布恩/拉什·费加/乔雅·福克斯/斯蒂芬·托布罗斯基/哈里特·桑塞姆·哈里斯/托马斯·列农/考乐姆·吉斯·雷尼/金伯利·坎贝尔/玛丽安妮·穆勒雷尔/拉里·霍尔登; 类型:剧情/悬疑/惊悚/犯罪; ; 制片国家/地区:美国; 语言:英语; 上映日期:2000-09-05(威尼斯电影节)/2000-10-20(英国)/2001-05-25(美国); 片长:113分钟; 又名:凶心人(港)/记忆拼图(台)/失忆/记忆迷局/Amnesia; IMDb链接:tt0209144; ; ,8.6,https://movie.douban.com/subject/1304447/
No.170,贫民窟的百万富翁 Slumdog Millionaire,(2008),; 导演:丹尼·博伊尔/洛芙琳·坦丹; 编剧:西蒙·博福伊/维卡斯·史瓦卢普; 主演:戴夫·帕特尔/沙鲁巴·舒克拉/亚尼·卡普/拉詹德拉纳斯·祖特施/吉尼瓦·塔瓦尔/芙蕾达·平托/伊尔凡·可汗/爱资哈尔丁·穆罕默德·伊斯梅尔/阿什·马赫什·舍德卡/马赫什·曼杰瑞卡/麦活·米泰尔; 类型:剧情/爱情; 官方网站:www.foxsearchlight.com/slumdogmillionaire/; 制片国家/地区:英国; 语言:英语/印地语/法语/德语; 上映日期:2009-03-26(中国大陆)/2008-08-30(特柳赖德电影节)/2009-01-09(英国); 片长:120分钟; 又名:一百万零一夜(港)/贫民百万富翁(台)/贫民富翁/山寨富翁/阳光小阿三(豆友译名); IMDb链接:tt1010048; ; ,8.6,https://movie.douban.com/subject/2209573/
No.171,真爱至上 Love Actually,(2003),; 导演:理查德·柯蒂斯; 编剧:理查德·柯蒂斯; 主演:休·格兰特/科林·费尔斯/艾玛·汤普森/凯拉·奈特莉/连姆·尼森/托马斯·布罗迪-桑斯特/比尔·奈伊/马丁·弗瑞曼/劳拉·琳妮/艾伦·瑞克曼/克里斯·马歇尔/罗德里戈·桑托罗/罗温·艾金森/比利·鲍伯·松顿/玛汀·麦古基安/安德鲁·林肯/露西娅·莫尼斯/海克·玛卡琪; 类型:剧情/喜剧/爱情; 官方网站:www.loveactually.com/; 制片国家/地区:英国/美国/法国; 语言:英语/葡萄牙语/法语; 上映日期:2003-09-07(多伦多电影节)/2003-11-06(美国)/2003-11-21(英国); 片长:135分钟; 又名:真的恋爱了(港)/爱是您，爱是我(台)/真情角落/真爱/LoveActuallyIsAllAround; IMDb链接:tt0314331; ; ,8.6,https://movie.douban.com/subject/1292401/
No.172,东邪西毒 東邪西毒,(1994),; 导演:王家卫; 编剧:王家卫/金庸; 主演:张国荣/林青霞/梁朝伟/张学友/张曼玉/刘嘉玲/梁家辉/杨采妮/邹兆龙; 类型:剧情/动作/爱情/武侠/古装; ; 制片国家/地区:中国香港/中国台湾; 语言:粤语/汉语普通话; 上映日期:1994-09-17(中国大陆)/1994-09-12(威尼斯电影节); 片长:100分钟; 又名:AshesofTime; IMDb链接:tt0109688; ; ,8.6,https://movie.douban.com/subject/1292328/
No.173,爆裂鼓手 Whiplash,(2014),; 导演:达米恩·查泽雷; 编剧:达米恩·查泽雷; 主演:迈尔斯·特勒/J·K·西蒙斯/保罗·雷瑟/梅莉莎·班诺伊/奥斯汀·斯托维尔/内特·朗/克里斯·马尔基/达蒙·冈普顿/SuanneSpoke/马科斯·卡锡/CharlieIan/杰森·布莱尔/科菲·斯里博伊/卡维塔帕蒂尔/C.J.Vana/塔里克·洛维/卡尔文·C·温布什/迈克尔·D·科恩/艾普尔·格雷斯/马库斯·亨德森/亨利·G.桑德斯/温迪·李/米歇尔·拉夫; 类型:剧情/音乐; ; 制片国家/地区:美国; 语言:英语; 上映日期:2014-01-16(圣丹斯电影节)/2014-10-10(美国); 片长:107分钟; 又名:鼓动真我(港)/进击的鼓手(台)/鼓动人生(台)/鞭打/TheWhiplashDrummer; IMDb链接:tt2582802; ; ,8.7,https://movie.douban.com/subject/25773932/
No.174,黑客帝国3：矩阵革命 The Matrix Revolutions,(2003),; 导演:莉莉·沃卓斯基/拉娜·沃卓斯基; 编剧:莉莉·沃卓斯基/拉娜·沃卓斯基; 主演:基努·里维斯/劳伦斯·菲什伯恩/凯瑞-安·莫斯/雨果·维文/贾达·萍克·史密斯/凯特·宾汉/玛丽·爱丽丝/莫妮卡·贝鲁奇/埃茜·戴维斯/克里斯托弗·卡比/罗伯特·马莫内/罗宾·奈文/吉娜薇·欧瑞丽/诺娜·加耶/纳撒尼尔·利斯/哈里·伦尼克斯/哈罗德·佩里诺/鲁伯特·雷德/凯文·迈克尔·理查德森/大卫·罗伯茨/布鲁斯·斯宾斯/吉娜·托瑞斯/克莱顿·华生/赫尔穆特·巴凯蒂斯/邹兆龙/乔·曼宁/TanveerK.Atwal/拉黑·休姆/康奈尔·韦斯特/伯纳德·怀特/朗贝尔·维尔森/安东尼·布兰登·黄/安东尼·泽比/克雷格·沃克; 类型:动作/科幻; ; 制片国家/地区:美国/澳大利亚; 语言:英语/法语; 上映日期:2003-11-05(美国/中国大陆); 片长:129分钟; 又名:22世纪杀人网络3：惊变世纪(港)/骇客任务完结篇：最后战役(台)/廿二世纪杀人网络3：惊变世纪/黑客帝国3/骇客帝国3; IMDb链接:tt0242653; ; ,8.8,https://movie.douban.com/subject/1302467/
No.175,忠犬八公物语 ハチ公物語,(1987),; 导演:神山征二郎; 编剧:新藤兼人; 主演:山本圭/井川比佐志/片桐入/仲代达矢/春川真澄/八千草薰/石野真子/殿山泰司/加藤嘉/石仓三郎/泉谷茂/柳叶敏郎; 类型:剧情; ; 制片国家/地区:日本; 语言:日语; 上映日期:1987-08-01(日本); 片长:107分钟; 又名:八千公物语/阿八的故事/忠犬八公/八公犬的故事/Hachi-ko; IMDb链接:tt0093132; ; ,9.2,https://movie.douban.com/subject/1959195/
No.176,模仿游戏 The Imitation Game,(2014),; 导演:莫滕·泰杜姆; 编剧:格拉汉姆·摩尔/安德鲁·霍奇斯; 主演:本尼迪克特·康伯巴奇/凯拉·奈特莉/马修·古迪/罗里·金尼尔/艾伦·里奇/马修·比尔德/查尔斯·丹斯/马克·斯特朗/詹姆斯·诺斯科特/汤姆·古德曼-希尔/史蒂芬·威丁顿/伊兰·古德曼/杰克·塔尔登/埃里克斯·劳瑟/杰克·巴农/塔彭丝·米德尔顿/安德鲁·哈维尔/维尔·博登/李·阿斯奎斯-柯/海莉·乔安妮·培根/安库塔·布雷班/格雷斯·卡尔德/理查德·坎贝尔/温斯顿·丘吉尔/克里斯·考林/汉娜·弗林/阿道夫·希特勒/卢克·霍普/斯图尔特·马修斯/亚当·诺威尔/哈里·S·杜鲁门; 类型:剧情/同性/传记/战争; ; 制片国家/地区:英国/美国; 语言:英语/德语; 上映日期:2015-07-21(中国大陆)/2014-11-14(英国)/2014-12-25(美国); 片长:114分钟; 又名:解码游戏(港)/模拟游戏; IMDb链接:tt2084970; ; ,8.7,https://movie.douban.com/subject/10463953/
No.177,黑天鹅 Black Swan,(2010),; 导演:达伦·阿伦诺夫斯基; 编剧:安德雷斯·海因斯/马克·海曼/约翰·J·麦克劳克林; 主演:娜塔莉·波特曼/米拉·库尼斯/文森特·卡索/芭芭拉·赫希/薇诺娜·瑞德/本杰明·米派德/克塞尼亚·索罗/克里斯汀娜·安娜波/詹妮特·蒙哥马利/塞巴斯蒂安·斯坦/托比·海明威/塞尔吉奥·托拉多/马克·马戈利斯/蒂娜·斯隆/亚伯拉罕·阿罗诺夫斯基/夏洛特·阿罗诺夫斯基/玛西娅·让·库尔茨/肖恩·奥哈根/克里斯托弗·加廷/黛博拉·奥夫纳/斯坦利·B·赫尔曼/库尔特·弗勒曼/帕特里克·赫辛格/莎拉·海伊; 类型:剧情/惊悚; ; 制片国家/地区:美国; 语言:英语/法语/意大利语; 上映日期:2010-09-01(威尼斯电影节)/2010-12-17(美国); 片长:108分钟/103分钟(威尼斯电影节); 又名:夺命黑天鹅/霸王别鹅(豆友译名); IMDb链接:tt0947798; ; ,8.6,https://movie.douban.com/subject/1978709/
No.178,头脑特工队 Inside Out,(2015),; 导演:彼特·道格特/罗纳尔多·德尔·卡门; 编剧:彼特·道格特/罗纳尔多·德尔·卡门/梅格·勒福夫/乔什·库雷/迈克尔·阿恩特/西蒙·里奇/鲍勃·彼德森/比尔·哈德尔/艾米·波勒; 主演:艾米·波勒/菲利丝·史密斯/理查德·坎德/比尔·哈德尔/刘易斯·布莱克/敏迪·卡灵/凯特林·迪亚斯/戴安·琳恩/凯尔·麦克拉克伦/波拉·庞德斯通/鲍比·莫尼汉/宝拉·佩尔/大卫·戈尔兹/弗兰克·奥兹/乔什·库雷/弗利/约翰·拉岑贝格/卡洛斯·阿拉斯拉奇/皮特·萨加尔/拉什达·琼斯/罗里·艾伦/约翰·齐甘/雪莉·琳恩/拉瑞恩·纽曼/帕丽斯·冯·戴克; 类型:喜剧/动画/冒险; 官方网站:movies.disney.com/inside-out/; 制片国家/地区:美国; 语言:英语; 上映日期:2015-10-06(中国大陆)/2015-06-19(美国); 片长:95分钟; 又名:玩转脑朋友(港)/脑筋急转弯(台)/头脑大作战/大脑环游记/脑中小小人/大脑内外/由内而外/头脑总动员; IMDb链接:tt2096673; ; ,8.7,https://movie.douban.com/subject/10533913/
No.179,新世界 신세계,(2013),; 导演:朴勋政; 编剧:朴勋政; 主演:李政宰/崔岷植/黄政民/宋智孝/朴圣雄/金秉玉/金胤成; 类型:剧情/犯罪; 官方网站:sinsegae2013.co.kr; 制片国家/地区:韩国; 语言:韩语/汉语普通话; 上映日期:2013-02-21(韩国); 片长:134分钟; 又名:暗黑新世界(台)/NewWorld/Sinsegye; IMDb链接:tt2625030; ; ,8.8,https://movie.douban.com/subject/10437779/
No.180,未麻的部屋 Perfect Blue,(1997),; 导演:今敏; 编剧:村井贞之/竹内义和; 主演:岩男润子/松本梨香/辻亲八/大仓正章/秋元羊介/盐屋翼/堀秀行/筱原惠美/江原正士/梁田清之/古泽彻/新山志保/古川惠实子/原亚弥/三木真一郎/山野井仁/田野惠/长嶝高士/陶山章央/细井治/远近孝一/本井英美/保志总一朗/谷山纪章/北野诚/南香织/商店一野; 类型:动画/惊悚/奇幻; ; 制片国家/地区:日本; 语言:日语; 上映日期:1997-07(加拿大奇幻电影节)/1998-02-28(日本); 片长:81分钟; 又名:蓝色恐惧(港/台)/蓝色的恐惧/未麻之部屋/パーフェクトブルー; IMDb链接:tt0156887; ; ,8.9,https://movie.douban.com/subject/1395091/
No.181,你看起来好像很好吃 おまえうまそうだな,(2010),; 导演:藤森雅也; 编剧:村上修/神野博明/宫西达也; 主演:山口胜平/爱河里花子/加藤清史郎/原田知世/川岛得爱/折笠富美子/桐本拓哉/别所哲也/矢田稔/川村万梨阿/高乃丽/小室正幸/江川央生/志村知幸/胜沼纪义/井田国男/宫西达也/宫西美奈子; 类型:剧情/动画/儿童; 官方网站:www.umasoudana.com; 制片国家/地区:日本; 语言:日语; 上映日期:2010-10-16(日本); 片长:90分钟; 又名:你看起来很好吃(台)/你看上去好像很好吃/你好像很美味啊/我的暴龙老爸/고녀석맛나겠다/OmaeUmasoudana/YouAreUmasou/HeartandYummie; IMDb链接:tt1734113; ; ,8.9,https://movie.douban.com/subject/4848115/
No.182,海街日记 海街diary,(2015),; 导演:是枝裕和; 编剧:是枝裕和/吉田秋生; 主演:绫濑遥/长泽雅美/夏帆/广濑铃/大竹忍/堤真一/加濑亮/风吹淳/中川雅也/前田旺志郎/铃木亮平/坂口健太郎/树木希林; 类型:剧情/家庭; 官方网站:umimachi.gaga.ne.jp; 制片国家/地区:日本; 语言:日语; 上映日期:2015-05-14(戛纳电影节)/2015-06-13(日本); 片长:127分钟; 又名:海街女孩日记(港)/KamakuraDiary/UmimachiDiary/OurLittleSister; IMDb链接:tt3756788; ; ,8.8,https://movie.douban.com/subject/25895901/
No.183,雨人 Rain Man,(1988),; 导演:巴瑞·莱文森; 编剧:罗纳德·巴斯/巴里·莫罗; 主演:达斯汀·霍夫曼/汤姆·克鲁斯/瓦莱丽亚·戈利诺/邦尼·亨特; 类型:剧情; ; 制片国家/地区:美国; 语言:英语/意大利语; 上映日期:1988-12-16(美国); 片长:133分钟; 又名:手足情未了(港)/手足情深; IMDb链接:tt0095953; ; ,8.7,https://movie.douban.com/subject/1291870/
No.184,无敌破坏王 Wreck-It Ralph,(2012),; 导演:瑞奇·摩尔; 编剧:菲尔·约翰斯顿/珍妮弗·李/瑞奇·摩尔/吉姆·里尔顿/约翰·C·赖利/山姆·J·莱文/贾里德·斯特恩; 主演:约翰·C·赖利/萨拉·西尔弗曼/杰克·麦克布瑞尔/简·林奇/艾伦·图代克/敏迪·卡灵/乔·洛·特鲁格里奥/艾德·奥尼尔/丹尼斯·海斯伯特/伊迪·麦克勒格/雷蒙德·S·佩尔西/杰斯·哈梅尔/瑞秋·哈里斯/斯盖拉·阿斯丁/亚当·卡罗拉/霍拉提奥·桑斯/莫里斯·拉马奇/斯戴芬妮·斯考特/约翰·迪·马吉欧/瑞奇·摩尔/凯蒂·洛斯/贾米·埃曼/乔西·特立尼达/辛贝·沃克/塔克·吉莫尔/布兰登·斯考特/蒂姆·梅尔滕斯/凯文·迪特斯/杰洛·里佛斯/马丁·贾维斯/布莱恩·克辛格/罗杰·克莱格·史密斯/菲尔·约翰斯顿/鲁本·兰登/凯尔·赫伯特/洁米·斯贝勒·罗伯茨/尼克·格里姆肖; 类型:喜剧/动画/奇幻/冒险; ; 制片国家/地区:美国; 语言:英语; 上映日期:2012-11-06(中国大陆)/2012-11-02(美国); 片长:101分钟; 又名:破坏王拉尔夫/破坏王大冒险; IMDb链接:tt1772341; ; ,8.7,https://movie.douban.com/subject/6534248/
No.185,冰川时代 Ice Age,(2002),; 导演:卡洛斯·沙尔丹哈/克里斯·韦奇; 编剧:迈克尔·伯格/迈克尔·J·威尔森/彼得·阿克曼; 主演:雷·罗马诺/约翰·雷吉扎莫/丹尼斯·利瑞/杰克·布莱克; 类型:喜剧/动画/冒险; ; 制片国家/地区:美国; 语言:英语/克罗地亚语; 上映日期:2002-03-15(美国); 片长:81分钟; 又名:冰河世纪/冰原历险记; IMDb链接:tt0268380; ; ,8.6,https://movie.douban.com/subject/1291578/
No.186,恋恋笔记本 The Notebook,(2004),; 导演:尼克·卡萨维蒂; 编剧:扬·萨尔迪/杰里米·莱文/尼古拉斯·斯帕克斯; 主演:瑞恩·高斯林/瑞秋·麦克亚当斯/吉娜·罗兰兹/詹姆斯·加纳/斯塔尔勒塔·杜波利斯/凯文·康诺利/希瑟·沃奎斯特/杰弗里·奈特/琼·艾伦/詹姆斯·麦斯登; 类型:剧情/爱情; ; 制片国家/地区:美国; 语言:英语; 上映日期:2004-06-25(美国); 片长:123分钟; 又名:忘了·忘不了(港)/手札情缘(台)/深情日记/写我情真/恋恋记事本/恋爱日记; IMDb链接:tt0332280; ; ,8.5,https://movie.douban.com/subject/1309163/
No.187,惊魂记 Psycho,(1960),; 导演:阿尔弗雷德·希区柯克; 编剧:约瑟夫·斯蒂凡诺/罗伯特·布洛克; 主演:安东尼·博金斯/维拉·迈尔斯/约翰·加文/珍妮特·利/马丁·鲍尔萨姆/约翰·麦克因泰/西蒙·奥克兰/弗兰克·艾伯森/帕特里夏·希区柯克/沃恩·泰勒/卢伦·塔特尔/约翰·安德森/莫特·米尔斯/吉特·卡森/维吉尼亚·格雷格/阿尔弗雷德·希区柯克/珍妮特·诺兰/罗伯特奥斯本/海伦·华莱士/FletcherAllen/WalterBacon/FrancisDeSales/GeorgeDockstader/GeorgeEldredge/HarperFlaherty/萨姆·弗林特/FrankKillmond/泰德·奈特/PatMcCaffrie/Hans-JoachimMoebis/FredScheiwiller; 类型:悬疑/惊悚/恐怖; ; 制片国家/地区:美国; 语言:英语; 上映日期:1960-06-16(纽约首映)/1960-09-08(美国); 片长:109分钟; 又名:精神病患者/触目惊心(港)/精神病人; IMDb链接:tt0054215; ; ,9.0,https://movie.douban.com/subject/1293181/
No.188,二十二,(2015),; 导演:郭柯; ; ; 类型:纪录片; ; 制片国家/地区:中国大陆; 语言:汉语普通话; 上映日期:2017-08-14(中国大陆)/2015-10-05(釜山电影节)/2016-06-25(莫斯科电影节); 片长:99分钟(公映版)/112分钟; 又名:TwentyTwo/22; IMDb链接:tt3843282; ; ,8.7,https://movie.douban.com/subject/26430107/
No.189,海边的曼彻斯特 Manchester by the Sea,(2016),; 导演:肯尼思·洛纳根; 编剧:肯尼思·洛纳根; 主演:卡西·阿弗莱克/卢卡斯·赫奇斯/米歇尔·威廉姆斯/C·J·威尔逊/凯尔·钱德勒/卡拉·海沃德/格瑞辰·摩尔/泰特·多诺万/埃里卡·麦克德莫特/希瑟·伯恩斯/蜜西·雅格/斯蒂芬·亨德森/本·汉森/玛丽·梅伦/安东尼·埃斯特拉/苏珊·波尔法/罗伯特·塞拉/卡罗琳·皮克曼/约什·汉密尔顿/肖恩·菲茨吉本/肯尼思·洛纳根/安娜·巴瑞辛尼科夫/利亚姆·麦克尼尔/马修·布罗德里克/Kt·巴达萨罗/威廉·博恩凯塞尔/弗兰克·达戈斯蒂诺/托马斯·马里亚诺; 类型:剧情/家庭; ; 制片国家/地区:美国; 语言:英语; 上映日期:2017-08-25(中国大陆)/2016-01-23(圣丹斯电影节)/2016-11-18(美国); 片长:137分钟; 又名:情系海边之城(港); IMDb链接:tt4034228; ; ,8.6,https://movie.douban.com/subject/25980443/
No.190,奇迹男孩 Wonder,(2017),; 导演:斯蒂芬·卓博斯基; 编剧:斯蒂芬·卓博斯基/斯蒂夫·康拉德/杰克·索恩/R·J·帕拉西奥; 主演:雅各布·特伦布莱/朱莉娅·罗伯茨/伊扎贝拉·维多维奇/欧文·威尔逊/诺亚·尤佩/丹妮尔·罗丝·拉塞尔/纳吉·杰特/戴维德·迪格斯/曼迪·帕廷金/布莱斯·吉扎尔/艾尔·麦金农/泰·孔西利奥/詹姆斯·休斯/凯尔·布瑞特科夫/米莉·戴维斯/莉娅·朱厄特/凯琳·布瑞特科夫/利亚姆·迪金森/艾玛·特伦布莱/马克·多兹劳/鲁奇娅·伯纳德/J·道格拉斯·斯图瓦特/阿里·利伯特/埃丽卡·麦基特里克/本杰明·拉特纳/杰森·麦金农/索尼娅·布拉加/吉洁特; 类型:剧情/家庭/儿童; 官方网站:www.wonder.movie; 制片国家/地区:美国/中国香港; 语言:英语; 上映日期:2018-01-19(中国大陆)/2017-11-17(美国); 片长:113分钟/114分钟(中国大陆); 又名:奇迹; IMDb链接:tt2543472; ; ,8.6,https://movie.douban.com/subject/26787574/
No.191,恐怖游轮 Triangle,(2009),; 导演:克里斯托弗·史密斯; 编剧:克里斯托弗·史密斯; 主演:梅利莎·乔治/利亚姆·海姆斯沃斯/迈克尔·多曼/瑞秋·卡帕尼/艾玛·朗/亨利·尼克松/约书亚·麦基弗; 类型:剧情/悬疑/惊悚; ; 制片国家/地区:英国/澳大利亚; 语言:英语; 上映日期:2009-10-16(英国); 片长:99分钟; 又名:汪洋血迷宮(台)/轮回三角/三角形/迷失三角洲; IMDb链接:tt1187064; ; ,8.5,https://movie.douban.com/subject/3011051/
No.192,房间 Room,(2015),; 导演:伦尼·阿伯拉罕森; 编剧:艾玛·多诺霍; 主演:布丽·拉尔森/雅各布·特伦布莱/肖恩·布里吉格斯/温迪·古逊/阿曼达·布鲁盖尔/乔·平格/琼·艾伦/卡斯·安瓦尔/威廉姆·H·梅西/兰道尔·爱德华/罗德里戈-费尔南德斯-斯托尔/罗里·奥谢/汤姆·麦卡穆斯/杰克·富尔顿/梅根·帕克; 类型:剧情/家庭; ; 制片国家/地区:爱尔兰/加拿大/英国/美国; 语言:英语; 上映日期:2015-09-04(特柳赖德电影节)/2015-10-23(多伦多)/2016-01-15(爱尔兰/英国)/2016-01-22(美国); 片长:118分钟; 又名:不存在的房间(台)/抖室(港); IMDb链接:tt3170832; ; ,8.8,https://movie.douban.com/subject/25724855/
No.193,小偷家族 万引き家族,(2018),; 导演:是枝裕和; 编剧:是枝裕和; 主演:中川雅也/安藤樱/松冈茉优/城桧吏/佐佐木美结/树木希林/绪形直人/池松壮亮/森口瑶子/山田裕贵/片山萌美/柄本明/高良健吾/池胁千鹤/足立智充; 类型:剧情/家庭/犯罪; 官方网站:gaga.ne.jp/manbiki-kazoku/; 制片国家/地区:日本; 语言:日语; 上映日期:2018-08-03(中国大陆)/2018-05-13(戛纳电影节)/2018-06-08(日本); 片长:117分钟(中国大陆)/121分钟; 又名:Shoplifters/UneAffairedeFamille/Manbikikazoku; IMDb链接:tt8075192; ; ,8.7,https://movie.douban.com/subject/27622447/
No.194,虎口脱险 La grande vadrouille,(1966),; 导演:热拉尔·乌里; 编剧:热拉尔·乌里/达妮埃尔·汤普森/马塞尔·朱利安/乔治·塔贝/安德烈·塔贝; 主演:路易·德·菲奈斯/布尔维尔/克劳迪奥·布鲁克/安德丽·帕里西/科莱特·布罗塞/迈克·马歇尔/玛丽·马凯/皮埃尔·贝尔坦/本诺·施特岑巴赫/玛丽·杜布瓦/特里-托马斯/西戈德·拉普/赖因哈德·科尔德霍夫/赫尔穆特·施奈德/保罗·普雷博伊斯特/汉斯·迈尔/居伊·格罗索/米歇尔·莫多/彼得·雅各布/吕迪·勒努瓦/诺埃尔·达扎尔/皮埃尔·鲁塞尔/皮埃尔·巴斯蒂安/雅克·萨布隆/玛格·阿夫里尔/雅克·博杜因/加布里埃尔·戈班/保罗·梅塞/亨利·热内斯; 类型:喜剧/战争; ; 制片国家/地区:法国/英国; 语言:法语/英语/德语; 上映日期:1966-12-08(法国); 片长:132分钟/101分钟(西德删减版)/119分钟(DVD版)/122分钟(4K修复版); 又名:横冲直撞出重围(港)/大進擊(台)/Don'tLookNow...We'reBeingShotAt!; IMDb链接:tt0060474; ; ,8.9,https://movie.douban.com/subject/1296909/
No.195,魔女宅急便 魔女の宅急便,(1989),; 导演:宫崎骏; 编剧:宫崎骏/角野荣子; 主演:高山南/佐久间玲/户田惠子/山口胜平/信泽三惠子/加藤治子/关弘子/三浦浩一/山寺宏一/井上喜久子/渊崎由里子/土井美加/土师孝也/浅井淑子/齐藤昌/西村知道/小林优子/池水通洋/辻亲八/大塚明夫/坂本千夏/田口昂/键本景子/津贺有子/龟井芳子/丸山裕子; 类型:动画/奇幻/冒险; ; 制片国家/地区:日本; 语言:日语; 上映日期:1989-07-29(日本); 片长:103分钟; 又名:魔女琪琪(台)/小魔女限时专送/Kiki'sDeliveryService; IMDb链接:tt0097814; ; ,8.6,https://movie.douban.com/subject/1307811/
No.196,绿里奇迹 The Green Mile,(1999),; 导演:弗兰克·德拉邦特; 编剧:弗兰克·德拉邦特/斯蒂芬·金; 主演:汤姆·汉克斯/大卫·摩斯/迈克·克拉克·邓肯/邦尼·亨特/詹姆斯·克伦威尔/迈克尔·杰特/格雷厄姆·格林/道格·休切逊/山姆·洛克威尔/巴里·佩珀/杰弗里·德曼/派翠西娅·克拉克森/哈利·戴恩·斯坦通/戴布思·格里尔/伊芙·布伦特; 类型:剧情/悬疑/犯罪/奇幻; 官方网站:https://www.warnerbros.com/movies/green-mile/; 制片国家/地区:美国; 语言:英语/法语; 上映日期:1999-12-10(美国); 片长:189分钟; 又名:绿色奇迹(台)/绿色英里/绿里/绿地; IMDb链接:tt0120689; ; ,8.8,https://movie.douban.com/subject/1300374/
No.197,雨中曲 Singin' in the Rain,(1952),; 导演:斯坦利·多南/吉恩·凯利; 编剧:贝蒂·康登/阿多夫·格林; 主演:吉恩·凯利/唐纳德·奥康纳/黛比·雷诺斯/简·哈根/米勒德·米切尔/赛德·查里斯/达格拉斯·福雷/丽塔·莫雷诺/道恩·艾达丝/JohnAlbright/BettyAllen/BetteArlen/DavidBair/玛格丽特·伯特/MadgeBlake/GailBonney/ChetBrandenburg/梅·克拉克/HarryCody/ChickCollins/PatConway/JeanneCoyne/FredDatigJr./KayDeslys/JohnDodsworth/金·多诺万/PhilDunham/海伦·艾比罗克/RichardEmory/TommyFarrell/ErnieFlatt/贝丝·弗劳尔斯/罗伯特·福捷/DanFoster/RobertFoulk/EricFreeman/凯瑟琳·弗里曼/兰斯·富勒/杰克·乔治/JohnGeorge/InezGorman/A.CameronGrant/BeatriceGray/WilliamHamel/山姆·哈里斯/TimmyHawkins/JeanHeremans/斯图尔特·霍姆斯/肯纳G.肯普/迈克·拉里/乔伊·兰辛/WilliamF.Leicester/SylviaLewis; 类型:喜剧/爱情/歌舞; ; 制片国家/地区:美国; 语言:英语; 上映日期:1952-04-11(美国); 片长:103分钟; 又名:万花嬉春(港/台)/雨中情/百花嬉春; IMDb链接:tt0045152; ; ,9.0,https://movie.douban.com/subject/1293460/
No.198,疯狂的石头,(2006),; 导演:宁浩; 编剧:张承/宁浩/岳小军; 主演:郭涛/刘桦/连晋/黄渤/徐峥/优恵/罗兰/王迅; 类型:喜剧/犯罪; ; 制片国家/地区:中国大陆/中国香港; 语言:汉语普通话/重庆话; 上映日期:2006-06-30(中国大陆)/2006-08-10(中国香港); 片长:106分钟(香港)/98分钟(中国大陆); 又名:CrazyStone; IMDb链接:tt0843270; ; ,8.5,https://movie.douban.com/subject/1862151/
No.199,爱在午夜降临前 Before Midnight,(2013),; 导演:理查德·林克莱特; 编剧:理查德·林克莱特/朱莉·德尔佩/伊桑·霍克/金·克里桑; 主演:伊桑·霍克/朱莉·德尔佩/肖姆斯·戴维-菲茨帕特里克/詹妮弗·普里尔/夏洛特·普里尔/XeniaKalogeropoulou/沃尔特·拉萨利/亚里安妮·拉贝德/雅尼斯·帕帕多普洛斯/阿赛娜·拉海尔·灿加里/帕诺斯·科罗尼斯/YotaArgyropoulou/约翰·斯洛斯; 类型:剧情/爱情; 官方网站:www.sonyclassics.com/beforemidnight/; 制片国家/地区:美国/希腊; 语言:英语/希腊语/法语; 上映日期:2013-06-14(美国); 片长:109分钟; 又名:情约半生(港)/爱在午夜希腊时(台)/爱在午夜到来时/爱在午夜梦回时/午夜之前; IMDb链接:tt2209418; ; ,8.8,https://movie.douban.com/subject/10808442/
No.200,人工智能 Artificial Intelligence: AI,(2001),; 导演:史蒂文·斯皮尔伯格; 编剧:布莱恩·奥尔迪斯/史蒂文·斯皮尔伯格/IanWatson; 主演:海利·乔·奥斯蒙/弗兰西丝·奥康纳/山姆·洛巴兹/杰克·托马斯/裘德·洛/威廉·赫特/肯·梁/克拉克·格雷格/凯文·苏斯曼/汤姆·加洛普/尤金·奥斯门特/艾普尔·格雷斯/马特·温斯顿/萨布丽娜·格德维奇/西奥·格林利; 类型:剧情/科幻; 官方网站:http://aimovie.warnerbros.com/; 制片国家/地区:美国; 语言:英语; 上映日期:2001-06-29(美国); 片长:146分钟; 又名:AI人工智慧; IMDb链接:tt0212720; ; ,8.6,https://movie.douban.com/subject/1302827/
No.201,罗生门 羅生門,(1950),; 导演:黑泽明; 编剧:黑泽明/桥本忍/芥川龙之介; 主演:三船敏郎/京町子/森雅之/志村乔/千秋实/上田吉二郎/本间文子/加东大介; 类型:剧情/悬疑/犯罪; ; 制片国家/地区:日本; 语言:日语; 上映日期:1950-08-26(日本); 片长:88分钟; 又名:Rashomon; IMDb链接:tt0042876; ; ,8.8,https://movie.douban.com/subject/1291879/
No.202,终结者2：审判日 Terminator 2: Judgment Day,(1991),; 导演:詹姆斯·卡梅隆; 编剧:詹姆斯·卡梅隆/小威廉·威谢尔; 主演:阿诺·施瓦辛格/琳达·汉密尔顿/爱德华·福隆/罗伯特·帕特里克/阿尔·伯恩/乔·莫顿/埃帕莎·默克森/卡斯图罗·格雷拉/丹尼·库克塞/詹妮特·戈德斯坦恩/山德·贝克利/莱思莉·汉密尔顿·格伦/彼得·舒鲁姆/唐·雷克/吉姆·帕尔默/格温达·迪肯/科林·帕特里克·林奇/妮基·考克斯/德沃恩·尼克森/阿卜杜勒·萨拉姆·埃尔·拉扎克/迈克·马斯喀特/迪恩·诺里斯/查尔斯·A·坦伯罗/丹尼·皮尔斯/马克·克里斯托弗·劳伦斯/林凡/乔尔·克莱默/斯科特·肖/史文-欧尔·托尔森/小威廉·威谢尔/KenGibbel/RobertWinley/MichaelEdwards/DonStanton/DanStanton/LisaBrinegar/DaltonAbbott/BretA.Arnold/MartinDeluca; 类型:动作/科幻; ; 制片国家/地区:美国/法国; 语言:英语/西班牙语; 上映日期:1991-07-03(美国)/2017-02-17(柏林电影节3D); 片长:137分钟/153分钟(特别版)/156分钟(终极剪辑版); 又名:终结者2/终结者2：末日审判/终结者续集：世界末日/魔鬼终结者2/未来战士2/T2; IMDb链接:tt0103064; ; ,8.7,https://movie.douban.com/subject/1291844/
No.203,初恋这件小事 สิ่งเล็กเล็กที่เรียกว่า...รัก,(2010),; 导演:普特鹏·普罗萨卡·那·萨克那卡林/华森·波克彭; 编剧:普特鹏·普罗萨卡·那·萨克那卡林; 主演:平采娜·乐维瑟派布恩/马里奥·毛瑞尔/苏达拉·布查蓬/雅尼卡·桑普蕾舞/诺特·阿查拉那·阿瑞亚卫考/皮拉瓦特·赫拉巴特/普特鹏·普罗萨卡·那·萨克那卡林/华森·波克彭; 类型:剧情/喜剧/爱情; ; 制片国家/地区:泰国; 语言:泰语/印度尼西亚语/英语; 上映日期:2012-06-05(中国大陆)/2010-08-12(泰国); 片长:118分钟(泰国)/100分钟(中国大陆); 又名:初恋那件小事(港)/暗恋那点小事/叫做爱的小事/Singleklekteereakwarak/ALittleThingCalledLove/FirstLove; IMDb链接:tt1859438; ; ,8.4,https://movie.douban.com/subject/4739952/
No.204,2001太空漫游 2001: A Space Odyssey,(1968),; 导演:斯坦利·库布里克; 编剧:亚瑟·克拉克/斯坦利·库布里克; 主演:凯尔·杜拉/加里·洛克伍德/威廉姆·西尔维斯特/丹尼尔·里希特/雷纳德·洛塞特/罗伯特·比提/肖恩·沙利文/艾德·毕肖普/格伦·贝克/艾伦·吉福德/安·吉利斯; 类型:科幻/惊悚/冒险; ; 制片国家/地区:英国/美国; 语言:英语/俄语; 上映日期:1968-04-02(华盛顿首映)/1968-05-12(英国); 片长:149分钟; 又名:2001：星际漫游/2001：太空奥德赛; IMDb链接:tt0062622; ; ,8.8,https://movie.douban.com/subject/1292226/
No.205,可可西里,(2004),; 导演:陆川; 编剧:陆川; 主演:多布杰/张垒/奇道/赵雪莹/马占林/赵一穗; 类型:剧情/犯罪; ; 制片国家/地区:中国大陆/中国香港; 语言:汉语普通话/藏语; 上映日期:2004-10-01(中国大陆)/2005-04-21(中国香港); 片长:85分钟(中国大陆)/90分钟(美国)/98分钟(阿根廷); 又名:Kekexili:MountainPatrol; IMDb链接:tt0386651; ; ,8.8,https://movie.douban.com/subject/1308857/
No.206,魂断蓝桥 Waterloo Bridge,(1940),; 导演:茂文·勒鲁瓦; 编剧:塞缪尔·N·贝尔曼/汉斯·拉莫/乔治·弗罗斯切尔/罗伯特·E·舍伍德; 主演:费雯·丽/罗伯特·泰勒/露塞尔·沃特森/弗吉尼亚·菲尔德/玛丽亚·彭斯卡娅/C.奥布雷·史密斯/JanetShaw/JanetWaldo/SteffiDuna/VirginiaCarroll/EleanorStewart/LowdenAdams/HarryAllen/JimmyAubrey/PhyllisBarry/ColinCampbell/丽塔·卡莱尔/里奥.G.卡罗尔/戴维·卡文迪什/大卫·克莱德/汤姆·康威/FrankDawson/ConnieEmerald/GilbertEmery/赫伯特·埃文斯/迪克·戈登/DenisGreen/艾塞尔·格里菲斯/BobbyHale/WinifredHarris/哈利韦尔·霍布斯/HaroldHoward/CharlesIrwin/GeorgeKirby/WalterLawrence/威尔弗雷德·卢卡斯/DanMaxwell/JamesMay/FlorineMcKinney/CharlesMcNaughton/FrankMitchell/埃德蒙·莫蒂默/伦纳德米迪/坦普·皮戈特/JohnPower/ClaraReid/PaulScardon/约翰·格雷厄姆·斯佩西/WyndhamStanding/哈里·斯塔布斯/CyrilThornton/戴维·瑟斯比/诺玛·威登/帕特·威尔士/玛莎·温特沃思/FrankWhitbeck/EricWilton/罗伯特·温克勒/道格拉斯·伍德; 类型:剧情/爱情/战争; ; 制片国家/地区:美国; 语言:英语/法语; 上映日期:1940-05-17(美国); 片长:108分钟; 又名:滑铁卢桥/断桥残梦; IMDb链接:tt0033238; ; ,8.8,https://movie.douban.com/subject/1293964/
No.207,海洋 Océans,(2009),; 导演:雅克·贝汉/雅克·克鲁奥德; 编剧:克里斯托夫·谢松/雅克·克鲁奥德/洛朗·德巴/斯特凡纳·迪朗/洛朗·戈德/雅克·贝汉/弗朗索瓦·萨兰诺; 主演:皮尔斯·布鲁斯南/雅克·贝汉/姜文/宫泽理惠/小佩德罗·阿门达里斯/马蒂亚斯·勃兰特/阿尔多/兰斯洛特·佩林/ManoloGarcia; 类型:纪录片; 官方网站:www.oceans-lefilm.com; 制片国家/地区:法国/瑞士/西班牙/美国/阿联酋; 语言:法语/英语; 上映日期:2011-08-12(中国大陆)/2009-10-17(东京电影节)/2010-01-27(法国); 片长:104分钟(法国)/84分钟(美国)/100分钟(德国)/86分钟(阿根廷); 又名:Oceans; IMDb链接:tt0765128; ; 官方小站:; 雅克·贝汉《海洋》; ,9.1,https://movie.douban.com/subject/3443389/
No.208,城市之光 City Lights,(1931),; 导演:查理·卓别林; 编剧:查理·卓别林/HarryClive/哈里·克罗克; 主演:查理·卓别林/弗吉尼亚·切瑞尔/佛罗伦斯·李/亨利·伯格曼/珍·哈露; 类型:剧情/喜剧/爱情; 官方网站:https://www.charliechaplin.com/en/films/5-City-Lights; 制片国家/地区:美国; 语言:英语; 上映日期:1931-01-30(洛杉矶首映)/1931-03-07(美国); 片长:87分钟; 又名:CityLights:AComedyRomanceinPantomime/LichterderGroßstadt; IMDb链接:tt0021749; ; ,9.3,https://movie.douban.com/subject/1293908/
No.209,燃情岁月 Legends of the Fall,(1994),; 导演:爱德华·兹威克; 编剧:威廉·D·威特利夫/吉姆·哈里森/苏珊·希利迪; 主演:布拉德·皮特/安东尼·霍普金斯/艾丹·奎因/朱莉娅·奥蒙德/亨利·托马斯/卡琳娜·隆巴德/坦图·卡丁诺/高登·图托西斯/克里斯蒂娜·皮克勒斯/约翰·诺瓦克/肯尼斯·威尔什/尼格尔·本内特/基根·麦金托什/埃里克·约翰逊/兰德尔·斯莱文/大卫·卡耶/查尔斯·安德烈/肯·科齐格/温妮·孔/巴特熊/格雷格·福西特/加里·A·赫克/马修·罗伯特·凯利; 类型:剧情/爱情/战争/西部; ; 制片国家/地区:美国; 语言:英语/科尼什语; 上映日期:1994-12-16(美国); 片长:133分钟; 又名:秋日传奇/真爱一世情(台)/LegendsoftheAutumn; IMDb链接:tt0110322; ; ,8.8,https://movie.douban.com/subject/1295865/
No.210,牯岭街少年杀人事件 牯嶺街少年殺人事件,(1991),; 导演:杨德昌; 编剧:杨德昌/赖铭堂/杨顺清/鸿鸿; 主演:张震/杨静怡/张国柱/王启赞/林鸿铭/金燕玲/王琄/张翰/姜秀琼/赖梵耘/柯宇纶/谭志刚/冯国强/陈湘琪/金士杰; 类型:剧情/犯罪; ; 制片国家/地区:中国台湾; 语言:汉语普通话/闽南语/上海话/粤语; 上映日期:1991-07-27(中国台湾); 片长:237分钟(导演剪辑版); 又名:ABrighterSummerDay; IMDb链接:tt0101985; ; ,8.8,https://movie.douban.com/subject/1292329/
No.211,穿越时空的少女 時をかける少女,(2006),; 导演:细田守; 编剧:奥寺佐渡子/筒井康隆; 主演:仲里依纱/石田卓也/板仓光隆/垣内彩未/谷村美月/关户优希/桂歌若/安藤绿/立木文彦/山本圭子/反田孝幸/谷川清美/汤屋敦子/松田洋治/中村正/原沙知绘; 类型:剧情/爱情/科幻/动画; 官方网站:www.kadokawa.co.jp/tokikake/; 制片国家/地区:日本; 语言:日语; 上映日期:2006-07-15(日本); 片长:98分钟; 又名:跳跃吧！时空少女(台)/Tokiokakerushôjo/TheGirlWhoLeaptThroughTime; IMDb链接:tt0808506; ; ,8.6,https://movie.douban.com/subject/1937946/
No.212,色，戒,(2007),"; 导演:李安; 编剧:王蕙玲/詹姆斯·夏慕斯/张爱玲; 主演:梁朝伟/汤唯/陈冲/王力宏/庹宗华/朱芷莹/高英轩/柯宇纶/阮德锵/钱嘉乐/苏岩/何赛飞/宋茹惠/樊光耀/卢燕/刘洁/余娅/王琳/王侃/竹下明子/阿努潘·凯尔; 类型:剧情/爱情/情色; ; 制片国家/地区:中国台湾/中国大陆/美国/中国香港; 语言:汉语普通话/上海话/英语/粤语/日语/印地语; 上映日期:2007-09-24(中国台湾)/2007-09-26(中国香港)/2007-11-01(中国大陆)/2007-08-30(威尼斯电影节)/2007-10-26(美国); 片长:158分钟/145分钟(中国大陆); 又名:色|戒/色·戒/色戒/Lust,Caution; IMDb链接:tt0808357; ; ",8.5,https://movie.douban.com/subject/1828115/
No.213,新龙门客栈 新龍門客棧,(1992),; 导演:李惠民; 编剧:徐克/张炭/吕晓禾/司徒慧焯/何冀平/苏叔阳; 主演:张曼玉/林青霞/梁家辉/甄子丹/熊欣欣/刘洵/任世官/吴启华/袁祥仁/徐锦江/郑希怡/王彤川/王伟顺/蔡浩; 类型:动作/爱情/武侠/古装; ; 制片国家/地区:中国香港/中国大陆; 语言:汉语普通话/粤语; 上映日期:1992-08-27(中国香港)/2012-02-24(中国大陆); 片长:88分钟/99分钟/103分钟(美国); 又名:NewDragonGateInn; IMDb链接:tt0105859; ; ,8.6,https://movie.douban.com/subject/1292287/
No.214,青蛇,(1993),; 导演:徐克; 编剧:李碧华/徐克; 主演:张曼玉/王祖贤/赵文卓/吴兴国/马精武/田丰/刘洵; 类型:剧情/爱情/奇幻/古装; ; 制片国家/地区:中国香港/中国大陆; 语言:粤语/汉语普通话; 上映日期:1993-11-04(中国香港); 片长:99分钟; 又名:GreenSnake; IMDb链接:tt0106559; ; ,8.5,https://movie.douban.com/subject/1303394/
No.215,无耻混蛋 Inglourious Basterds,(2009),; 导演:昆汀·塔伦蒂诺; 编剧:昆汀·塔伦蒂诺; 主演:布拉德·皮特/梅拉尼·罗兰/克里斯托弗·瓦尔兹/伊莱·罗斯/迈克尔·法斯宾德/黛安·克鲁格/丹尼尔·布鲁赫/蒂尔·施威格/哥德昂·布克哈德/雅基·伊多/B·J·诺瓦克/奥玛·杜姆/奥古斯特·迪赫/德尼·梅诺谢/西尔维斯特·格罗特/蕾雅·赛杜; 类型:剧情/犯罪; ; 制片国家/地区:德国/美国; 语言:英语/德语/法语/意大利语; 上映日期:2009-05-20(戛纳电影节)/2009-08-20(德国); 片长:153分钟; 又名:希魔撞正杀人狂(港)/恶棍特工(台)/无良杂种/无良杂军/戴罪立功/无良杂牌军/混蛋野战队; IMDb链接:tt0361748; ; ,8.6,https://movie.douban.com/subject/1438652/
No.216,源代码 Source Code,(2011),; 导演:邓肯·琼斯; 编剧:本·雷普利; 主演:杰克·吉伦哈尔/维拉·法米加/米歇尔·莫纳汉/杰弗里·怀特/拉塞尔·皮特斯/詹姆斯·A·伍兹/迈克尔·阿登/乔·柯布登/卡斯·安瓦尔; 类型:科幻/悬疑/惊悚; ; 制片国家/地区:美国/加拿大; 语言:英语; 上映日期:2011-08-30(中国大陆)/2011-03-11(西南偏南电影节)/2011-04-01(美国); 片长:93分钟; 又名:启动原始码(台)/危机解密(港); IMDb链接:tt0945513; ; ,8.5,https://movie.douban.com/subject/3075287/
No.217,完美陌生人 Perfetti sconosciuti,(2016),; 导演:保罗·杰诺维塞; 编剧:保罗·杰诺维塞/菲利波·博洛尼亚/保罗·克斯泰拉/宝拉·马米妮/罗兰多·拉维洛; 主演:马可·贾利尼/卡夏·斯穆特尼亚克/爱德华多·莱奥/阿尔芭·洛尔瓦彻/瓦莱里奥·马斯坦德雷亚/安娜·福列塔/朱塞佩·巴蒂斯通; 类型:剧情/喜剧; ; 制片国家/地区:意大利; 语言:意大利语; 上映日期:2018-05-25(中国大陆)/2016-02-11(意大利); 片长:97分钟/96分钟(中国大陆); 又名:完美谎情(港)/波动的信息分享/晦星来的那一夜(豆友译名)/月食来的那一夜(豆友译名)/PerfectStrangers; IMDb链接:tt4901306; ; ,8.5,https://movie.douban.com/subject/26614893/
No.218,阿飞正传 阿飛正傳,(1990),; 导演:王家卫; 编剧:王家卫; 主演:张国荣/张曼玉/刘嘉玲/刘德华/张学友/潘迪华/梁朝伟; 类型:剧情/爱情/犯罪; ; 制片国家/地区:中国香港; 语言:粤语/汉语普通话/英语/菲律宾语/上海话; 上映日期:1990-12-15(中国香港)/2018-06-25(中国大陆); 片长:94分钟; 又名:DaysofBeingWild; IMDb链接:tt0101258; ; ,8.5,https://movie.douban.com/subject/1305690/
No.219,遗愿清单 The Bucket List,(2007),; 导演:罗伯·莱纳; 编剧:贾斯汀·扎克汉姆; 主演:杰克·尼科尔森/摩根·弗里曼/西恩·海耶斯/贝弗利·陶德/罗伯·莫洛/阿方索·弗里曼/罗文娜·金/韦尔达·布里奇斯/伊恩·安东尼·代尔/詹妮弗·迪弗朗西斯科/安吉拉·加德纳/诺尔·古格雷米/乔纳森·赫尔南德斯/休·B·赫鲁伯/理查德·麦克格纳格尔/丸山凯伦/安波米德/尼基·诺瓦克/克里斯托弗·斯塔普勒顿/泰勒.安.汤普森/亚历克斯·崔贝克/AnntonBerryJr./DestinyBrownridge/BrianCopeland/JordanLund/JonathanMangum/SerenaReeder/MaShaeAlderman/VinScully; 类型:剧情/喜剧/冒险; ; 制片国家/地区:美国; 语言:英语; 上映日期:2007-12-25(多伦多电影节)/2008-01-11(美国); 片长:97分钟; 又名:玩转身前事(港)/一路玩到挂(台)/拿命开玩笑/乐着活下去; IMDb链接:tt0825232; ; ,8.6,https://movie.douban.com/subject/1867345/
No.220,大佛普拉斯,(2017),; 导演:黄信尧; 编剧:黄信尧; 主演:庄益增/陈竹昇/戴立忍/张少怀/陈以文/纳豆/丁国琳/李永丰/朱约信/雷婕熙/林美秀/小亮哥/游安顺/梁赫群/脱线/郑宇彤/鲁文学; 类型:剧情/喜剧; ; 制片国家/地区:中国台湾; 语言:闽南语/汉语普通话; 上映日期:2017-10-13(中国台湾)/2017-06-29(台北电影节); 片长:102分钟; 又名:TheGreatBuddha+; IMDb链接:tt7010412; ; ,8.7,https://movie.douban.com/subject/27059130/
No.221,血钻 Blood Diamond,(2006),; 导演:爱德华·兹威克; 编剧:查尔斯·里维特; 主演:莱昂纳多·迪卡普里奥/杰曼·翰苏/詹妮弗·康纳利/阿诺德·沃斯洛/大卫·哈雷伍德/吉米·米斯特雷/麦克·辛/史蒂芬·柯林斯; 类型:剧情/惊悚/冒险; ; 制片国家/地区:美国/德国; 语言:英语/门德语/南非荷兰语; 上映日期:2006-12-08(美国); 片长:143分钟; 又名:血钻石(台)/血腥钻石/滴血钻石; IMDb链接:tt0450259; ; ,8.7,https://movie.douban.com/subject/1428175/
No.222,九品芝麻官,(1994),; 导演:王晶; 编剧:王晶; 主演:周星驰/吴孟达/张敏/徐锦江/钟丽缇/蔡少芬/吴启华/邹兆龙/梁荣忠/黄一飞/苑琼丹/刘洵/黄一山; 类型:剧情/喜剧/古装; ; 制片国家/地区:中国香港; 语言:粤语; 上映日期:1994-03-31(中国香港); 片长:108分钟; 又名:九品芝麻官之白面包青天/HailtheJudge; IMDb链接:tt0110201; ; ,8.5,https://movie.douban.com/subject/1297518/
No.223,谍影重重2 The Bourne Supremacy,(2004),; 导演:保罗·格林格拉斯; 编剧:罗伯特·鲁德鲁姆/托尼·吉尔罗伊; 主演:马特·达蒙/弗朗卡·波滕特/布莱恩·考克斯/朱丽娅·斯蒂尔斯/卡尔·厄本/琼·艾伦/加布里埃尔·曼/马尔顿·索克斯/约翰·贝德福德·劳埃德/伊桑·桑德勒/米歇尔·莫纳汉/卡瑞尔·罗登/托马斯·阿拉纳/奥莎娜·阿金什那/汤姆·加洛普; 类型:动作/悬疑/惊悚; 官方网站:www.thebournesupremacy.com; 制片国家/地区:美国/德国; 语言:英语/俄语/德语/意大利语; 上映日期:2004-11-14(中国大陆)/2004-07-15(洛杉矶首映)/2004-07-23(美国); 片长:108分钟; 又名:叛谍追击2：机密圈套(港)/神鬼认证：神鬼疑云(台)/伯恩的身份2/至尊伯恩/伯恩的霸权; IMDb链接:tt0372183; ; ,8.7,https://movie.douban.com/subject/1308767/
No.224,香水 Perfume: The Story of a Murderer,(2006),; 导演:汤姆·提克威; 编剧:安德鲁·伯金/贝尔恩德·艾辛格/汤姆·提克威/帕特里克·聚斯金德; 主演:本·卫肖/艾伦·瑞克曼/蕾切儿·哈伍德/达斯汀·霍夫曼/大卫·卡尔德/比吉特·米尼希迈尔/卡洛斯·格拉马赫/西恩·托马斯/佩里·米尔沃德/山姆·道格拉斯/卡洛琳·赫弗斯/卡罗丽娜·维拉·斯克利亚/莎拉·弗里斯蒂/科琳娜·哈弗奇/杰西卡·施瓦茨/约翰·赫特/拉蒙·普霍尔; 类型:剧情/犯罪/奇幻; ; 制片国家/地区:德国/法国/西班牙/美国; 语言:英语; 上映日期:2006-09-07(德国)/2006-09-14(法国)/2006-11-24(西班牙)/2007-01-05(美国); 片长:147分钟; 又名:香水：一个杀人犯的故事/香水：一个谋杀犯的故事/香水：杀手的故事/杀手故事/DasParfum-DieGeschichteeinesMörders; IMDb链接:tt0396171; ; ,8.5,https://movie.douban.com/subject/1760622/
No.225,地球上的星星 Taare Zameen Par,(2007),; 导演:阿米尔·汗; 编剧:阿莫尔·古普特; 主演:达席尔·萨法瑞/阿米尔·汗/塔奈·切赫达/萨谢·英吉尼尔/蒂丝卡·乔普拉/维品·沙尔马/拉利塔·拉伊米/吉里贾·奥克/拉维·汗维尔卡尔/普拉蒂玛·库尔卡尼/梅娜·马里克/索纳利·萨查德夫/桑贾伊·达迪克/拉加·戈帕尔·耶尔/布格斯·巴尔加瓦/尚卡尔·萨查德夫/M·K·拉伊纳; 类型:剧情/家庭/儿童; 官方网站:www.taarezameenpar.com; 制片国家/地区:印度; 语言:印地语/英语; 上映日期:2007-12-21(印度); 片长:165分钟; 又名:心中的小星星(台)/每一个孩子都是特别的/तारेज़मीनपर/LikeStarsonEarth; IMDb链接:tt0986264; ; ,8.9,https://movie.douban.com/subject/2363506/
No.226,哈利·波特与火焰杯 Harry Potter and the Goblet of Fire,(2005),; 导演:迈克·内威尔; 编剧:史蒂夫·克洛夫斯/J·K·罗琳; 主演:丹尼尔·雷德克里夫/艾玛·沃森/鲁伯特·格林特/蒂莫西·斯波/邦妮·怀特/罗伯特·帕丁森/汤姆·费尔顿/梁佩诗/迈克尔·刚本/玛吉·史密斯/艾伦·瑞克曼/加里·奥德曼/拉尔夫·费因斯; 类型:奇幻/冒险; 官方网站:www.harrypotter.co.uk; 制片国家/地区:英国/美国; 语言:英语/法语; 上映日期:2005-11-18(中国大陆)/2005-11-06(英国); 片长:157分钟; 又名:哈利波特4：火杯的考验(港/台)/哈4; IMDb链接:tt0330373; ; ,8.5,https://movie.douban.com/subject/1309055/
No.227,疯狂的麦克斯4：狂暴之路 Mad Max: Fury Road,(2015),; 导演:乔治·米勒; 编剧:乔治·米勒/布伦丹·麦卡锡/尼克·拉图里; 主演:汤姆·哈迪/查理兹·塞隆/尼古拉斯·霍尔特/休·基斯-拜恩/乔什·赫尔曼/内森·琼斯/佐伊·克罗维兹/罗茜·汉丁顿-惠特莉/丽莉·吉欧/阿比·丽/考特尼·伊顿/安格斯·桑普森/理查德·卡特/梅根·盖尔/肖恩·哈普; 类型:动作/科幻/冒险; 官方网站:www.madmaxmovie.com; 制片国家/地区:澳大利亚/美国; 语言:英语; 上映日期:2015-05-14(澳大利亚)/2015-05-15(美国); 片长:120分钟; 又名:末日先锋：战甲飞车(港)/疯狂麦斯：愤怒道(台)/冲锋飞车队4/迷雾追魂手4/冲锋追魂手4/疯狂麦克斯4/疯狂迈斯：怒途/MadMax4:FuryRoad; IMDb链接:tt1392190; ; ,8.6,https://movie.douban.com/subject/3592854/
No.228,战争之王 Lord of War,(2005),; 导演:安德鲁·尼科尔; 编剧:安德鲁·尼科尔; 主演:尼古拉斯·凯奇/布丽姬·穆娜/杰瑞德·莱托/伊安·霍姆/伊桑·霍克/叶夫盖尼·拉扎列夫/伊默恩·沃克/塔尼特·菲尼克斯; 类型:剧情/犯罪; ; 制片国家/地区:美国/法国; 语言:英语/法语/德语/俄语/西班牙语/乌克兰语/阿拉伯语/土耳其语/汉语普通话; 上映日期:2005-09-16(美国); 片长:122分钟; 又名:军火之王(台/港)/军火商; IMDb链接:tt0399295; ; ,8.6,https://movie.douban.com/subject/1419936/
No.229,谍影重重 The Bourne Identity,(2002),; 导演:道格·里曼; 编剧:托尼·吉尔罗伊/罗伯特·鲁德鲁姆/W·布莱克·赫伦; 主演:马特·达蒙/弗朗卡·波滕特/克里斯·库珀/克莱夫·欧文/朱丽娅·斯蒂尔斯/布莱恩·考克斯/阿德沃尔·阿吉纽依-艾格拜吉/加布里埃尔·曼/沃尔顿·戈金斯/约什·汉密尔顿/奥尔索·马利亚·奎利尼; 类型:动作/悬疑/惊悚; 官方网站:www.thebourneidentity.com; 制片国家/地区:美国/德国/捷克; 语言:英语/法语/德语/荷兰语/意大利语; 上映日期:2002-11-21(中国大陆)/2002-06-14(美国); 片长:119分钟; 又名:叛谍追击(港)/神鬼认证(台)/伯恩的身份/身份的迷惑; IMDb链接:tt0258463; ; ,8.6,https://movie.douban.com/subject/1304102/
No.230,步履不停 歩いても 歩いても,(2008),; 导演:是枝裕和; 编剧:是枝裕和; 主演:阿部宽/夏川结衣/江原由希子/高桥和也/田中祥平/野本萤/林凌雅/寺岛进/加藤治子/树木希林/原田芳雄; 类型:剧情/家庭; ; 制片国家/地区:日本; 语言:日语; 上映日期:2008-06-28(日本); 片长:115分钟; 又名:横山家之味(港/台)/步伐不停/即使你走啊走/安静的行走/StillWalking/EvenIfYouWalkandWalk; IMDb链接:tt1087578; ; ,8.8,https://movie.douban.com/subject/2222996/
No.231,彗星来的那一夜 Coherence,(2013),; 导演:詹姆斯·沃德·布柯特; 编剧:詹姆斯·沃德·布柯特/亚历克斯·马努吉安; 主演:艾米丽·芭尔多尼/莫瑞·史特林/尼古拉斯·布兰登/劳伦·斯卡法莉娅/伊丽莎白·格瑞斯/雨果·阿姆斯特朗/亚历克斯·马努吉安/劳伦·马赫; 类型:科幻/悬疑/惊悚; ; 制片国家/地区:美国/英国; 语言:英语; 上映日期:2013-09-19(奇幻电影节)/2014-08-06(美国); 片长:89分钟; 又名:相干性/相干效应; IMDb链接:tt2866360; ; ,8.5,https://movie.douban.com/subject/25807345/
No.232,猜火车 Trainspotting,(1996),; 导演:丹尼·博伊尔; 编剧:埃文·威尔什/约翰·霍奇; 主演:伊万·麦克格雷格/艾文·布莱纳/约翰尼·李·米勒/凯文·麦克基德/罗伯特·卡莱尔/凯莉·麦克唐纳/彼得·穆兰/詹姆斯·科兹莫/艾琳·尼古拉斯/苏珊·维德勒/波林·林奇/雪莉·亨德森/斯图尔特·麦克奎里/埃文·威尔什/戴尔·温顿/基思·艾伦/凯文·艾伦/菲奥娜·贝尔/休·罗斯/芬利·威尔士/汤姆·德尔玛/约翰·霍奇/安德鲁·麦克唐纳/StuartMcGugan; 类型:剧情/犯罪; ; 制片国家/地区:英国; 语言:英语; 上映日期:1996-02-23(英国); 片长:94分钟; 又名:迷幻列车(港)/定位的火车; IMDb链接:tt0117951; ; ,8.5,https://movie.douban.com/subject/1292528/
No.233,朗读者 The Reader,(2008),; 导演:史蒂芬·戴德利; 编剧:戴维·黑尔/本哈德·施林克; 主演:凯特·温丝莱特/大卫·克劳斯/拉尔夫·费因斯/詹妮特·海因/苏珊娜·洛塔尔/AlissaWilms/弗罗里安·巴西奥罗麦/弗里德里克·贝希特/马蒂亚斯·哈比希/FriederVenus/Marie-AnneFliegel/HendrikArnst/RainerSellien/托尔斯滕·米凯利斯/MoritzGrove; 类型:剧情/爱情; ; 制片国家/地区:美国/德国; 语言:英语/德语/希腊语/拉丁语; 上映日期:2008-12-10(纽约首映)/2009-01-30(美国)/2009-02-26(德国); 片长:124分钟; 又名:为爱朗读(台)/读爱(港)/生死朗读; IMDb链接:tt0976051; ; ,8.6,https://movie.douban.com/subject/2213597/
No.234,浪潮 Die Welle,(2008),; 导演:丹尼斯·甘塞尔; 编剧:丹尼斯·甘塞尔/彼得·图万斯/约翰尼·道金斯/罗恩·比恩巴赫/罗恩·琼斯; 主演:于尔根·福格尔/弗雷德里克·劳/马克思·雷迈特/詹妮弗·乌尔里希/克里斯蒂安娜·保罗/雅各布·马琛茨/克里斯蒂娜·度·瑞格/埃利亚斯·穆巴里克/马克西米利安·福尔马尔/马克斯·毛夫; 类型:剧情/惊悚; ; 制片国家/地区:德国; 语言:德语; 上映日期:2008-03-13(德国); 片长:107分钟; 又名:恶魔教室(台)/白恤暴潮(港)/波浪/挥手礼/TheWave; IMDb链接:tt1063669; ; ,8.7,https://movie.douban.com/subject/2297265/
No.235,波西米亚狂想曲 Bohemian Rhapsody,(2018),; 导演:布莱恩·辛格; 编剧:安东尼·麦卡滕/皮特·摩根; 主演:拉米·马雷克/本·哈迪/约瑟夫·梅泽罗/格威利姆·李/艾伦·里奇/露西·宝通/艾丹·吉伦/汤姆·霍兰德/麦克·梅尔斯/阿隆·麦克卡斯克/梅内卡·达斯/迪基·博/蒂姆·普莱斯特/杰克·罗思/马克斯·班内特/基兰·哈德卡斯托/罗斯·格林/布鲁斯·麦克金伦/米歇尔·邓肯/马特·格林伍德/罗茜·本杰明/约翰·奥特曼/詹姆斯·华莱士/文森特·阿德里安/拉斯科·阿特金斯/乔纳森·奇塔姆/迈克尔·科布/耶稣·加洛/亚当·兰伯特/豪尔赫·莱昂·马丁内斯/杰森·莱恩斯/伊斯雷尔·鲁兹; 类型:剧情/同性/音乐/传记; ; 制片国家/地区:英国/美国; 语言:英语; 上映日期:2019-03-22(中国大陆)/2018-11-02(美国); 片长:135分钟/131分钟(中国大陆); 又名:波希米亚狂想曲：摇滚传说(港)/波希米亚狂想曲(台); IMDb链接:tt1727824; ; ,8.7,https://movie.douban.com/subject/5300054/
No.236,小萝莉的猴神大叔 Bajrangi Bhaijaan,(2015),; 导演:卡比尔·汗; 编剧:卡比尔·汗/维杰耶德拉·普拉萨德; 主演:萨尔曼·汗/哈莎莉·马洛特拉/卡琳娜·卡普尔/纳瓦祖丁·席迪圭/欧姆·普瑞/梅·维贾/席尔帕.舒克拉/拉杰什·沙玛/沙拉蒂·瑟斯纳/阿图·斯里瓦斯塔瓦/阿德南·萨米/马诺·巴克什; 类型:剧情/喜剧/动作; ; 制片国家/地区:印度; 语言:印地语/乌尔都语; 上映日期:2018-03-02(中国大陆)/2015-07-17(印度); 片长:159分钟/141分钟(中国大陆); 又名:娃娃返乡任务(台)/宝莱坞之钢铁奶爸(台)/把她带回家/猴神兄弟/猴神老哥/回家/BrotherBajrangi; IMDb链接:tt3863552; ; ,8.4,https://movie.douban.com/subject/26393561/
No.237,再次出发之纽约遇见你 Begin Again,(2013),; 导演:约翰·卡尼; 编剧:约翰·卡尼; 主演:凯拉·奈特莉/马克·鲁弗洛/亚当·莱文/詹姆斯·柯登/海莉·斯坦菲尔德/凯瑟琳·基纳/茅斯·达夫/罗伯·莫洛/伊恩·布罗茨基/香农·沃尔什/大卫·埃伯利斯/马科·阿桑特/玛丽·凯瑟琳·歌瑞森/詹·雅各布/席洛·格林/詹妮弗·李·杰克逊/特里·刘易斯/吉米·帕伦博/西蒙·德兰尼/丹妮尔·布里瑟布瓦/基恩·鲁弗洛/尼古拉斯·丹尼尔·冈萨雷斯/麦迪·科尔曼/阿雅·卡什/大卫·彭德尔顿/保罗·罗梅罗/安德鲁·塞伦/凯伦·皮特曼/罗恩·沃斯; 类型:喜剧/爱情/音乐; ; 制片国家/地区:美国; 语言:英语; 上映日期:2015-06-26(中国大陆)/2013-09-07(多伦多电影节)/2014-07-11(美国); 片长:104分钟; 又名:再次出发/歌曲改变人生/一切从音乐再开始(港)/曼哈顿恋习曲(台)/纽约小情歌/为乐而生/重新开始/重来/CanaSongSaveYourLife?/NewYorkMelody; IMDb链接:tt1980929; ; ,8.6,https://movie.douban.com/subject/6874403/
No.238,东京物语 東京物語,(1953),; 导演:小津安二郎; 编剧:野田高梧/小津安二郎; 主演:笠智众/原节子/杉村春子/东山千荣子/山村聪/香川京子; 类型:剧情/家庭; ; 制片国家/地区:日本; 语言:日语; 上映日期:1953-11-03(日本); 片长:136分钟; 又名:东京故事/东京纪行/TokyoStory; IMDb链接:tt0046438; ; ,9.2,https://movie.douban.com/subject/1291568/
No.239,驴得水,(2016),; 导演:周申/刘露; 编剧:周申/刘露; 主演:任素汐/大力/刘帅良/裴魁山/阿如那/韩彦博/卜冠今/王堃/高阳/苏千越/麦亚瑟/王峰; 类型:剧情/喜剧; ; 制片国家/地区:中国大陆; 语言:汉语普通话; 上映日期:2016-10-28(中国大陆); 片长:111分钟; 又名:Mr.Donkey; IMDb链接:tt6167014; ; ,8.3,https://movie.douban.com/subject/25921812/
No.240,聚焦 Spotlight,(2015),; 导演:汤姆·麦卡锡; 编剧:乔希·辛格/汤姆·麦卡锡; 主演:马克·鲁弗洛/迈克尔·基顿/瑞秋·麦克亚当斯/列维·施瑞博尔/约翰·斯拉特里/布莱恩·达西·詹姆斯/斯坦利·图齐/比利·克鲁德普/保罗·吉尔福伊尔/杰米·谢尔丹/兰·卡琉/尼尔·哈夫/迈克尔·西里尔·克赖顿/迈克尔·康特里曼; 类型:剧情/传记; 官方网站:spotlightthefilm.com; 制片国家/地区:美国; 语言:英语; 上映日期:2015-09-03(威尼斯电影节)/2015-11-25(美国); 片长:128分钟; 又名:焦点追击(港)/惊爆焦点(台); IMDb链接:tt1895587; ; ,8.8,https://movie.douban.com/subject/25954475/
No.241,追随 Following,(1998),; 导演:克里斯托弗·诺兰; 编剧:克里斯托弗·诺兰; 主演:杰里米·西奥伯德/亚历克斯·霍/露西·拉塞尔/约翰·诺兰/迪克·布拉德塞尔/吉莉安·艾尔-卡迪/詹妮弗·安杰尔/尼古拉斯·卡洛蒂/达伦·奥曼迪/盖·格林威/塔索斯·史蒂文斯/特里斯坦·马丁/瑞贝卡·詹姆斯/保罗·梅森/大卫·博维尔/大卫·朱莱安/芭芭拉·斯特潘斯基/艾玛·托马斯/戴安娜·札克; 类型:悬疑/惊悚/犯罪; ; 制片国家/地区:英国; 语言:英语; 上映日期:1998-09-12(多伦多电影节)/1999-11-05(英国); 片长:69分钟; 又名:跟踪(台)/致命追踪/尾随; IMDb链接:tt0154506; ; ,8.9,https://movie.douban.com/subject/1397546/
No.242,千钧一发 Gattaca,(1997),; 导演:安德鲁·尼科尔; 编剧:安德鲁·尼科尔; 主演:伊桑·霍克/乌玛·瑟曼/裘德·洛/艾伦·阿金/戈尔·维达尔/山德·贝克利/劳恩·迪恩/简妮·布鲁克/伊莱亚斯·科泰斯/玛娅·鲁道夫/伍娜·戴蒙/布莱尔·安德伍德/梅森·甘布/威廉姆·李·斯科特/欧内斯特·博格宁/托尼·夏尔赫布/肯·马里诺/加布里埃尔·瑞丝/迪恩·诺里斯/丹格里芬/格雷戈·赛斯特罗/ElizabethDennehy/查德·克里斯特/GeorgeMarshallRuge; 类型:剧情/科幻/惊悚; ; 制片国家/地区:美国; 语言:英语/世界语; 上映日期:1997-10-24(美国); 片长:106分钟; 又名:变种异煞(港)/自然人/戛塔卡/伽蒂卡/太空梦/基因代码; IMDb链接:tt0119177; ; ,8.8,https://movie.douban.com/subject/1300117/
No.243,我爱你 그대를 사랑합니다,(2011),; 导演:秋昌旼; 编剧:姜草/秋昌旼; 主演:宋在浩/李顺载/尹秀晶/金秀美/宋智孝/吴达洙; 类型:剧情/爱情; 官方网站:www.iloveyou2011.co.kr/; 制片国家/地区:韩国; 语言:韩语; 上映日期:2011-02-17(韩国); 片长:118分钟; 又名:爱你/爱，是一生相伴(台)/LateBlossom; IMDb链接:tt1862020; ; ,9.0,https://movie.douban.com/subject/5908478/
No.244,一次别离 جدایی نادر از سیمین,(2011),"; 导演:阿斯哈·法哈蒂; 编剧:阿斯哈·法哈蒂; 主演:佩曼·莫阿迪/蕾拉·哈塔米/萨瑞·巴亚特/沙哈布·侯赛尼/萨日娜·法哈蒂/梅里拉·扎雷伊/阿里-阿萨哈·萨哈巴齐/巴巴克·卡里米/吉米娅·侯赛伊妮/希尔·亚齐丹巴克什/萨哈巴努·佐哈多; 类型:剧情/家庭; ; 制片国家/地区:伊朗/法国; 语言:波斯语; 上映日期:2012-11-13(中国大陆)/2011-02-15(柏林电影节)/2011-03-16(伊朗); 片长:123分钟; 又名:伊朗式分居(港)/分居风暴(台)/内达与西敏：一次别离/纳德和西敏：一次离别/纳德和西敏：一次别离/别离/ASeparation/NaderandSimin,aSeparation/JodaeiyeNaderazSimin; IMDb链接:tt1832382; ; ",8.7,https://movie.douban.com/subject/5964718/
No.245,黑鹰坠落 Black Hawk Down,(2001),; 导演:雷德利·斯科特; 编剧:肯·诺兰/马克·鲍登; 主演:乔什·哈奈特/伊万·麦克格雷格/汤姆·塞兹摩尔/金·寇兹/艾文·布莱纳/艾瑞克·巴纳/休·丹西/威廉·菲克纳/奥兰多·布鲁姆/汤姆·哈迪/詹森·艾萨克; 类型:动作/历史/战争; 官方网站:www.sonypictures.com/homevideo/blackhawkdown/; 制片国家/地区:美国; 语言:英语/阿拉伯语/索马里语; 上映日期:2001-12-18(美国); 片长:144分钟/142分钟(德国)/152分钟(加长版); 又名:黑鹰15小时(港)/黑鹰计划(台)/黑鹰降落; IMDb链接:tt0265086; ; ,8.7,https://movie.douban.com/subject/1291824/
No.246,黑客帝国2：重装上阵 The Matrix Reloaded,(2003),; 导演:莉莉·沃卓斯基/拉娜·沃卓斯基; 编剧:莉莉·沃卓斯基/拉娜·沃卓斯基; 主演:基努·里维斯/劳伦斯·菲什伯恩/凯瑞-安·莫斯/雨果·维文/莫妮卡·贝鲁奇/赫尔穆特·巴凯蒂斯/斯蒂夫·巴什托尼/克里斯汀·阿努/丹尼尔·伯哈特/约瑟芬·白内斯/安迪·阿尼斯/贾达·萍克·史密斯/邹兆龙/埃茜·戴维斯/纳许·埃哲顿/格洛丽亚·福斯特/大卫·富兰克林/诺娜·加耶/小罗伊·琼斯/大卫·基尔德/兰德尔·杜克·金/克里斯托弗·卡比/纳撒尼尔·利斯/哈里·伦尼克斯/罗伯特·马莫内/马特·麦科姆/罗宾·奈文/大卫·诺/吉娜薇·欧瑞丽/苏格拉底·奥图/哈罗德·佩里诺/阿德里安·雷梅特/尼尔·雷梅特/鲁伯特·雷德/大卫·罗伯茨/凯文·斯科特/尼坎德罗·托马斯/吉娜·托瑞斯/史蒂夫·维拉/克莱顿·华生/康奈尔·韦斯特/雷·沃纳尔/伯纳德·怀特/朗贝尔·维尔森/安东尼·布兰登·黄/安东尼·泽比; 类型:动作/科幻; ; 制片国家/地区:美国/澳大利亚; 语言:英语/法语; 上映日期:2003-07-18(中国大陆)/2003-05-07(韦斯特伍德首映)/2003-05-15(美国); 片长:138分钟; 又名:22世纪杀人网络2：决战未来(港)/骇客任务：重装上阵(台)/廿二世纪杀人网络2：决战未来/黑客帝国2/骇客帝国2; IMDb链接:tt0234215; ; ,8.6,https://movie.douban.com/subject/1304141/
No.247,网络谜踪 Searching,(2018),; 导演:阿尼什·查甘蒂; 编剧:阿尼什·查甘蒂/赛弗·奥哈尼安; 主演:约翰·赵/米切尔·拉/黛博拉·梅辛/约瑟夫·李/萨拉·米博·孙/亚历克丝·杰恩·高/刘玥辰/刘卡雅/多米尼克·霍夫曼/西尔维亚·米纳西安/梅丽莎·迪斯尼/康纳·麦克雷斯/科林·伍德尔/约瑟夫·约翰·谢尔勒/阿什丽·艾德纳/考特尼·劳伦·卡明斯/托马斯·巴布萨卡/朱莉·内桑森/罗伊·阿布拉姆森/盖奇·比尔托福/肖恩·奥布赖恩/瑞克·萨拉比亚/布拉德·阿布瑞尔/加布里埃尔·D·安吉尔; 类型:剧情/悬疑/惊悚/犯罪; ; 制片国家/地区:美国/俄罗斯; 语言:英语; 上映日期:2018-12-14(中国大陆)/2018-01-20(圣丹斯电影节)/2018-08-24(美国); 片长:102分钟; 又名:人肉搜寻(港)/人肉搜索(台)/搜索/屏幕搜索; IMDb链接:tt7668870; ; ,8.6,https://movie.douban.com/subject/27615441/
No.248,四个春天,(2017),; 导演:陆庆屹; ; 主演:陆运坤/李桂贤/陆庆伟/陆庆松/陆庆屹; 类型:纪录片/家庭; ; 制片国家/地区:中国大陆; 语言:贵州独山话; 上映日期:2019-01-04(中国大陆)/2017-12-30(UCCA艺术放映)/2018-07-23(FIRST青年影展); 片长:105分钟; 又名:FourSprings; IMDb链接:tt7124742; ; ,8.9,https://movie.douban.com/subject/27191492/
No.249,发条橙 A Clockwork Orange,(1971),; 导演:斯坦利·库布里克; 编剧:斯坦利·库布里克/安东尼·伯吉斯; 主演:马尔科姆·麦克道威尔/帕特里克·马基/迈克尔·贝茨/沃伦·克拉克/约翰·克莱夫; 类型:剧情/科幻/犯罪; ; 制片国家/地区:英国/美国; 语言:英语; 上映日期:1971-12-19(纽约首映)/1972-01-13(英国); 片长:136分钟; 又名:发条桔子/发条橙子/发条橘子; IMDb链接:tt0066921; ; ,8.6,https://movie.douban.com/subject/1292233/
No.250,E.T. 外星人 E.T.: The Extra-Terrestrial,(1982),; 导演:史蒂文·斯皮尔伯格; 编剧:梅丽莎·马西森; 主演:亨利·托马斯/迪·沃伦斯/罗伯特·麦克纳夫顿/德鲁·巴里摩尔/彼德·考约特; 类型:剧情/科幻; ; 制片国家/地区:美国; 语言:英语; 上映日期:1982-05-26(戛纳电影节)/1982-06-11(美国); 片长:115分钟/120分钟(加长版); 又名:外星人E.T./外星人/ET/E.T.theExtra-Terrestrial/ABoy'sLife; IMDb链接:tt0083866; ; ,8.6,https://movie.douban.com/subject/1294638/
